dataset, model, explainer, RC, FA, RA, SA, SRA, PGU, PGI, RIS, ROS
compas,ann,lime,,,,,,0.04846085,0.19981319,32.5667179299525,8838.730608300153
compas,ann,lime,,,,,,0.45078462,0.21142994,432.9194868760093,191125.03577449557
compas,ann,lime,,,,,,0.0020210731,0.010662854,3.310428330790903,560.7742324174188
compas,ann,lime,,,,,,0.40282378,0.49907628,172.68180765794202,10295.997900091292
compas,ann,lime,,,,,,0.51685536,0.41388574,317.71331815120374,5051.52363583269
compas,ann,lime,,,,,,0.67642343,0.6423358,35.337530242736186,98478.3157761711
compas,ann,lime,,,,,,0.5136594,0.594302,214.02361849883005,1337.58962719026
compas,ann,lime,,,,,,0.036521252,0.17960541,3.828417622965894,813.8743470614897
compas,ann,lime,,,,,,0.2919833,0.29769787,132.60474950654677,646.3011143480236
compas,ann,lime,,,,,,0.12927689,0.33257288,188.24790393440614,12103.369514211505
compas,ann,lime,,,,,,0.82740444,0.59967804,10.976018209260422,6433.1289342215105
compas,ann,lime,,,,,,0.5153744,0.45116705,120.75387769957136,4487.107967969461
compas,ann,lime,,,,,,0.1849277,0.29821745,123.11158960484593,6222.06391308042
compas,ann,lime,,,,,,0.66108483,0.44595832,40.13292703222711,805053.0624068166
compas,ann,lime,,,,,,0.46327218,0.42006788,148.93631577667733,5389.632164806312
compas,ann,lime,,,,,,0.36551264,0.4242464,46.4572747013264,2402.549792147335
compas,ann,lime,,,,,,0.8296468,0.40845138,42.54954724535032,8505.921462447159
compas,ann,lime,,,,,,0.5076153,0.2854071,36.22597253982683,2115.853226242859
compas,ann,lime,,,,,,0.46948802,0.71649605,244.94608382084007,7600.394133691381
compas,ann,lime,,,,,,0.5455295,0.572451,44.81845289559952,1943.4921742687911
compas,ann,lime,,,,,,0.42968947,0.5254673,394.43704941690805,38427.70695164383
compas,ann,lime,,,,,,0.010756171,0.17497441,6.284399838935363,630.9192909690473
compas,ann,lime,,,,,,0.03597188,0.17080472,4.299774366972475,838.3966171489715
compas,ann,lime,,,,,,0.1695986,0.087297425,322.7179655193095,24762.556116254254
compas,ann,lime,,,,,,0.17878099,0.27845412,57.222409800642126,4473.893133240464
compas,ann,lime,,,,,,0.20499212,0.46606928,55.37655973555306,1697.118840436301
compas,ann,lime,,,,,,0.63705003,0.24499436,104.49581992733222,1698.1335044736197
compas,ann,lime,,,,,,0.77775264,0.6750909,49.78204801067983,112263.61782810447
compas,ann,lime,,,,,,0.01229715,0.03327946,14.20535481038872,292.82894513381905
compas,ann,lime,,,,,,0.011902799,0.053976443,27.340135347689316,948.5653189372941
compas,ann,lime,,,,,,0.23009126,0.13148655,313.5068027735551,116614.87428107571
compas,ann,lime,,,,,,0.54381603,0.545593,97.36479897114357,17201.88624298931
compas,ann,lime,,,,,,0.4780327,0.619539,295.5975384649201,26687.285636353008
compas,ann,lime,,,,,,0.6436603,0.3103775,71.17029562493452,2002.387554129806
compas,ann,lime,,,,,,0.052142214,0.08057009,37.920400665692256,5154.430505183434
compas,ann,lime,,,,,,0.2974632,0.18715823,13.111562543583549,516.0621825354579
compas,ann,lime,,,,,,0.69788736,0.61657596,11.737353736511107,1670.644371964112
compas,ann,lime,,,,,,0.21931723,0.2559363,182.22162397952042,3103.9840201949532
compas,ann,lime,,,,,,0.04652118,0.17877257,2.665974663621947,915.3049710571186
compas,ann,lime,,,,,,0.06493717,0.15719849,62.7868886190209,2994.187825617954
compas,ann,lime,,,,,,0.010635219,0.00860485,1.387104466148438,1918.8980459600848
compas,ann,lime,,,,,,0.33017612,0.5905554,6.317818063387307,626.7321158492873
compas,ann,lime,,,,,,0.65277207,0.46982113,65.18461604521154,5043.1307797367945
compas,ann,lime,,,,,,0.1293265,0.47031656,5.840115087889424,6676.515823731552
compas,ann,lime,,,,,,0.1364929,0.18266056,35.45849025800103,2925.76361421926
compas,ann,lime,,,,,,0.81298953,0.7444332,4.353185742961822,18507.35673667561
compas,ann,lime,,,,,,0.6055743,0.5259467,65.66372295718132,1483.192991203841
compas,ann,lime,,,,,,0.609794,0.6066344,3.244686349708674,3719.536464743975
compas,ann,lime,,,,,,0.65164846,0.17363569,41.83589473983221,1986.9226398894295
compas,ann,lime,,,,,,0.24549471,0.22830275,452.3751320965451,33031.808090325714
compas,ann,lime,,,,,,0.47948003,0.5794668,14.593453027796883,729.8468666868985
compas,ann,lime,,,,,,0.11457163,0.23557982,19.811619923220086,5242.886546582319
compas,ann,lime,,,,,,0.62320554,0.4215918,223.9346865090171,6176.958400058941
compas,ann,lime,,,,,,0.73757243,0.5402312,22.88347652098137,3062.3230311080233
compas,ann,lime,,,,,,0.43512824,0.063451506,25.159130594458464,3948.104900518209
compas,ann,lime,,,,,,0.5603706,0.55965626,31.145490080950736,29362.8687589665
compas,ann,lime,,,,,,0.003147992,0.06350628,1.234816592176242,3372.077102757719
compas,ann,lime,,,,,,0.4201901,0.6039324,133.01316593240458,48022.090246449465
compas,ann,lime,,,,,,0.06676571,0.115443766,152.45708127478818,626.1764043599893
compas,ann,lime,,,,,,0.6579297,0.5212041,37.30805404380452,237718.07624104366
compas,ann,lime,,,,,,0.023913452,0.16030505,16.678650173993802,761.1036929937443
compas,ann,lime,,,,,,0.54562974,0.5391419,85.86874476382074,17129.69488156913
compas,ann,lime,,,,,,0.57860225,0.5062654,109.99642615926655,1417.4068415634613
compas,ann,lime,,,,,,0.6880477,0.40100244,76.25880385744762,16547.329603374143
compas,ann,lime,,,,,,0.91498554,0.5363233,6.1233905592669124,2122.19153636528
compas,ann,lime,,,,,,0.5784516,0.41280794,83.90994688691865,27966.26573500413
compas,ann,lime,,,,,,0.2107526,0.36218652,117.54402306215006,2497.45837248491
compas,ann,lime,,,,,,0.5446927,0.59501046,133.4319317726845,2171.9635887228037
compas,ann,lime,,,,,,0.0031517367,0.03214819,19.105568425328965,484.7805943786206
compas,ann,lime,,,,,,0.8114555,0.6402544,8.172077859685643,2641.8884377728
compas,ann,lime,,,,,,0.37671584,0.5945411,512.6377548673233,35586.74748441602
compas,ann,lime,,,,,,0.0016371221,0.0024616944,9.778791891951553,12738.035236032707
compas,ann,lime,,,,,,0.54505336,0.6422715,8.19336442984308,1190.6305529758383
compas,ann,lime,,,,,,0.36053038,0.32836172,594.6738720655467,220089.280084537
compas,ann,lime,,,,,,0.4623171,0.67720675,49.941991104455276,18281.783150655403
compas,ann,lime,,,,,,0.011255011,0.0823834,67.62062424831635,244.07502919098104
compas,ann,lime,,,,,,0.20797962,0.3687946,36.825896890125044,8936.426129804706
compas,ann,lime,,,,,,0.61127067,0.5136949,37.51528338803502,1579.9784703156229
compas,ann,lime,,,,,,0.7384403,0.6376946,95.81310294584095,406.87913944142514
compas,ann,lime,,,,,,0.46273345,0.6808847,93.14366917653071,34393.57449583302
compas,ann,lime,,,,,,0.004098875,0.044245556,0.5373799660327433,1052.0273351816243
compas,ann,lime,,,,,,0.6868705,0.30528063,58.45106149810838,1111.169844206917
compas,ann,lime,,,,,,0.22002202,0.38602665,50.59021597765403,431.68396820955365
compas,ann,lime,,,,,,0.009465913,0.058049865,2.3050529273913827,260.07258682937777
compas,ann,lime,,,,,,0.008979678,0.09915171,5.249143278696057,1371.9043728587153
compas,ann,lime,,,,,,0.8156824,0.54237235,54.530686108402705,1181.9706109099473
compas,ann,lime,,,,,,0.6445886,0.34210438,442.03157822610103,779.9997765466195
compas,ann,lime,,,,,,0.029134745,0.15166198,9.588225137958656,1962.25157190925
compas,ann,lime,,,,,,0.4724691,0.7708099,404.9367441567321,2429.6059373165212
compas,ann,lime,,,,,,0.0036167663,0.014443082,15.30871729417422,634.709327992174
compas,ann,lime,,,,,,0.7185489,0.49656352,75.77448261884192,1521.5996681714385
compas,ann,lime,,,,,,0.5417432,0.45130736,80.55852539150168,54091.67360856747
compas,ann,lime,,,,,,0.4139626,0.30396187,4.195575471231117,952.7533499257536
compas,ann,lime,,,,,,0.021234784,0.07916695,32.80340374453015,294.2686236227521
compas,ann,lime,,,,,,0.40831605,0.36812487,430.4018760607948,166575.02816063055
compas,ann,lime,,,,,,0.39435345,0.4122428,502.00481965940185,8601.11576275873
compas,ann,lime,,,,,,0.47344702,0.4263327,72.67993675593695,4437.463325064788
compas,ann,lime,,,,,,0.45867586,0.44066122,1352.8745691586862,6218.713753504732
compas,ann,lime,,,,,,0.6174465,0.62381285,9.227972546782311,5646.360322257507
compas,ann,lime,,,,,,0.28369057,0.5365042,50.92688610491326,5399.568709214271
compas,ann,lime,,,,,,0.059035454,0.32624838,11.859147336234765,5687.951671293781
compas,ann,lime,,,,,,0.15579726,0.32135406,3.3362630173929544,5869.428398566298
compas,ann,lime,,,,,,0.57429504,0.3628372,590.3116917259398,5050.535683545127
compas,ann,lime,,,,,,0.5492102,0.2948647,42.48248832368502,43001.85116559794
compas,ann,ig,,,,,,0.4039328,0.73251146,245045.0577719262,106669.14210420537
compas,ann,ig,,,,,,0.46927464,0.4562662,402.02411137597056,532.0920615620057
compas,ann,ig,,,,,,0.51595426,0.54051757,183.8722008446313,2074.4948478152774
compas,ann,ig,,,,,,0.14655136,0.13398139,498.62463763069036,144074.28801428422
compas,ann,ig,,,,,,0.60772395,0.64744014,7902.1926752193685,305886.43096249545
compas,ann,ig,,,,,,0.56222934,0.45184028,857.1829282106019,64090.99806132789
compas,ann,ig,,,,,,0.74763525,0.6618997,74.29535586067861,6499.639275868815
compas,ann,ig,,,,,,0.42997724,0.49540767,75.62028752032268,2068.337417254646
compas,ann,ig,,,,,,0.7254505,0.6199881,766.1054414804428,285585.98176307784
compas,ann,ig,,,,,,0.12540424,0.08660553,87077.86971517107,105661.73879094758
compas,ann,ig,,,,,,0.018360829,0.12269742,68.67036980059463,865.4516879940907
compas,ann,ig,,,,,,0.59679586,0.5142126,313.27121265340963,9972.15960780787
compas,ann,ig,,,,,,0.8097079,0.2899999,1239.1059373553664,619.7557886352815
compas,ann,ig,,,,,,0.22595516,0.3814104,166.74777570913088,4169.041997221811
compas,ann,ig,,,,,,0.57187265,0.49518985,449.9418426456181,1938.7786140598403
compas,ann,ig,,,,,,0.5594236,0.64619094,195882.21941905151,95059.7179321016
compas,ann,ig,,,,,,0.4742277,0.4487197,1070.1669411021087,7255.4520934763605
compas,ann,ig,,,,,,0.62614155,0.38805094,372.62908175079787,55868.98203005121
compas,ann,ig,,,,,,0.17815931,0.25846952,1310.1124734945477,53674.711181106395
compas,ann,ig,,,,,,0.020536572,0.17446128,17.028347698474143,648.0530490747137
compas,ann,ig,,,,,,0.6135181,0.6285481,31.057906215067582,2158.070230656167
compas,ann,ig,,,,,,0.25761095,0.3799435,146.94981330803387,2747.339556572184
compas,ann,ig,,,,,,0.44761753,0.41312137,211569.36779446123,189786.78598429784
compas,ann,ig,,,,,,0.0060857004,0.048315868,23.989972711599396,1771.5644090226401
compas,ann,ig,,,,,,0.19967248,0.45029327,256.36794818500357,2940.5671705525374
compas,ann,ig,,,,,,0.5230439,0.28524256,482.0624709488224,14096.183580528872
compas,ann,ig,,,,,,0.017679002,0.05032292,21.30780610305427,564.1512780904584
compas,ann,ig,,,,,,0.40619135,0.45142525,34039.55723791713,1165282.4648613539
compas,ann,ig,,,,,,0.0022660126,0.024373667,33.960249332959165,23350.544402743675
compas,ann,ig,,,,,,0.50858223,0.38044664,197.68677949251853,2151.6442750799547
compas,ann,ig,,,,,,0.0418289,0.2104281,364.0178549436655,1020.3179113483014
compas,ann,ig,,,,,,0.0036440138,0.01068669,128.30889295154773,732.7884102631774
compas,ann,ig,,,,,,0.4308598,0.53774273,1046.871904416144,766.7656624180454
compas,ann,ig,,,,,,0.08995264,0.15259656,17.3491069923002,873.4828718224047
compas,ann,ig,,,,,,0.34360906,0.65251255,318.220982616436,2443.4207316682005
compas,ann,ig,,,,,,0.7263503,0.53018117,226.98269857821336,263727.04419638164
compas,ann,ig,,,,,,0.8078609,0.598494,29.26720547753625,1950.998982409081
compas,ann,ig,,,,,,0.61754364,0.20834048,54.162353649955385,1030.4501522545193
compas,ann,ig,,,,,,0.44418073,0.45290446,468.02912346447505,10027.711828505458
compas,ann,ig,,,,,,0.7960259,0.58314973,399.1891895107594,3302.279645762319
compas,ann,ig,,,,,,0.7315882,0.47214565,476.9956548685316,6209.4027959821915
compas,ann,ig,,,,,,0.23226088,0.14491928,1634.272437451745,79933.40088114433
compas,ann,ig,,,,,,0.29845843,0.38913432,408.0131157414473,268651.6538090667
compas,ann,ig,,,,,,0.6281601,0.32712656,534.5343663528597,2019.8894637179783
compas,ann,ig,,,,,,0.7445066,0.69759446,47.567408334654495,2410.234337833716
compas,ann,ig,,,,,,0.26642057,0.15164915,479.5436674538722,8060.1080662557
compas,ann,ig,,,,,,0.5765582,0.5745006,118643.40338751553,14867748.088447947
compas,ann,ig,,,,,,0.6157798,0.41505063,369.9070810214227,1923.6845162647562
compas,ann,ig,,,,,,0.0012436615,0.021824313,6.068703217091336,4980.800992636216
compas,ann,ig,,,,,,0.3105355,0.35478815,28.409457285183343,1477.3279744835293
compas,ann,ig,,,,,,0.11581579,0.3189407,399.3434814085302,2228.5176563845403
compas,ann,ig,,,,,,0.67281437,0.34737384,45.27456645918813,1269.204600812577
compas,ann,ig,,,,,,0.40921968,0.4757363,79429.81244827324,2353960.894793121
compas,ann,ig,,,,,,0.43304324,0.28830862,28.503989449932313,2331.549693518211
compas,ann,ig,,,,,,0.07851143,0.17419654,29.548441033197147,1051.0034372574453
compas,ann,ig,,,,,,0.24167256,0.073635176,73258.00742199925,91818.83148487388
compas,ann,ig,,,,,,0.42299527,0.34889686,1033.497048858419,100566.4286187591
compas,ann,ig,,,,,,0.4238932,0.6354712,726.3168121729201,43624.99300738493
compas,ann,ig,,,,,,0.5135503,0.54381657,194.95188998457647,2136.425214591763
compas,ann,ig,,,,,,0.39103976,0.5505221,134.2185415641062,8954.610680599453
compas,ann,ig,,,,,,0.5196924,0.4120133,402.69131925994907,1232.2370365303686
compas,ann,ig,,,,,,0.081720546,0.19938794,228.9240757338477,1203.6510819943474
compas,ann,ig,,,,,,0.23712133,0.43872488,620.2268638595225,2054.033824286056
compas,ann,ig,,,,,,0.8849442,0.38552016,147.2047326342856,1534.974008343688
compas,ann,ig,,,,,,0.21670195,0.16797808,1208.9529415392735,7415315.998534801
compas,ann,ig,,,,,,0.003991046,0.02019092,8.96250716288462,831.2878110079987
compas,ann,ig,,,,,,0.35151085,0.4191955,891.8724244583362,2822.192825077489
compas,ann,ig,,,,,,0.29166365,0.40608394,148.20934529408342,1592.6105029747348
compas,ann,ig,,,,,,0.44526026,0.52023673,105010.65501695726,60179.40192633819
compas,ann,ig,,,,,,0.284707,0.20458958,190352.33993431125,43860.56788433591
compas,ann,ig,,,,,,0.100069046,0.2897058,40.57983374073798,1255.8525218700474
compas,ann,ig,,,,,,0.58642614,0.6257839,343.21441231443737,25129.26358419539
compas,ann,ig,,,,,,0.75242376,0.621772,81.33381881047272,2753.2527179822982
compas,ann,ig,,,,,,0.22080658,0.25199974,19.497338402204356,1014.0373550917734
compas,ann,ig,,,,,,0.056758735,0.08305731,15.111461269121975,18126.446832800208
compas,ann,ig,,,,,,0.3889996,0.4929294,1506516.9051347496,230231.0077753926
compas,ann,ig,,,,,,0.6675971,0.5314817,32.102916066494224,1471.9766622144755
compas,ann,ig,,,,,,0.20034948,0.22985417,3732044.4713489646,63282.02790676859
compas,ann,ig,,,,,,0.54589665,0.61502576,33.23338855993253,2773.1768288160465
compas,ann,ig,,,,,,0.82874936,0.5727347,53.840776875679055,1337.6710113789704
compas,ann,ig,,,,,,0.09066149,0.15795791,145.68296430339097,2084.1835090964614
compas,ann,ig,,,,,,0.5320357,0.52470785,261.1673704885071,2673.12569875055
compas,ann,ig,,,,,,0.16157125,0.11706626,79.94305805822056,972.0055178809914
compas,ann,ig,,,,,,0.5466635,0.4428273,856.7312732003012,49006.600094796195
compas,ann,ig,,,,,,0.6867917,0.51142323,124.3515104827741,4517.001290630744
compas,ann,ig,,,,,,0.7304065,0.40082765,778.6398088834911,638679.3995962122
compas,ann,ig,,,,,,0.66900176,0.42857933,683.8469003820574,10150.236491159878
compas,ann,ig,,,,,,0.3837648,0.43530434,682.1842461756862,24528.694523569677
compas,ann,ig,,,,,,0.57920486,0.47899348,1245.7785176413265,50554.818141722055
compas,ann,ig,,,,,,0.92203194,0.4810869,198.4950931403012,1888.7405207215584
compas,ann,ig,,,,,,0.046634115,0.23023215,12.135153016413016,12342.764863846307
compas,ann,ig,,,,,,0.037730966,0.12532765,93.86137315843888,629.7589851106148
compas,ann,ig,,,,,,0.6436283,0.7841075,63555.38931567564,2651535.5680490616
compas,ann,ig,,,,,,0.3844012,0.53041285,39.119977447775305,1922.3395268119905
compas,ann,ig,,,,,,0.06480287,0.133946,552.2570293393558,24037.22383687245
compas,ann,ig,,,,,,0.625643,0.5904801,221.86786341872389,7233.122282719419
compas,ann,ig,,,,,,0.030378524,0.12180234,20.400804718957566,666.0247995567344
compas,ann,ig,,,,,,0.2122216,0.09696699,37.53938081400666,967.6511066005929
compas,ann,ig,,,,,,0.006927299,0.034854587,67.26693353069125,518.2782054831105
compas,ann,ig,,,,,,0.0076116887,0.02308045,67.77728366823263,954.7352681345337
compas,ann,ig,,,,,,0.36260504,0.7101553,928851.6300257482,84278.41292740678
compas,ann,ig,,,,,,0.52111995,0.37004974,1455.9625409756811,88165.65510171368
compas,ann,ig,,,,,,0.07654681,0.27957755,515.7387819371473,839.8789002509994
compas,ann,ig,,,,,,0.012662256,0.060177345,13.37306365516875,625.2121603793531
compas,ann,ig,,,,,,0.39085683,0.5751406,572253.3471872318,537369.6393963272
compas,ann,ig,,,,,,0.8702969,0.26599646,697.3781838109894,1952.5615013446968
compas,ann,ig,,,,,,0.76135147,0.6720608,844.6204324828428,4027.968250647697
compas,ann,ig,,,,,,0.5324464,0.48332638,193.58328023545644,57451.53896110346
compas,ann,ig,,,,,,0.13561036,0.15811087,20.75234153392176,820.6514352968564
compas,ann,ig,,,,,,0.110004164,0.20577474,296.35272201408804,948.5595159968146
compas,ann,ig,,,,,,0.62888616,0.69537824,371.4455493369355,9268.227462542653
compas,ann,ig,,,,,,0.72994125,0.5892722,334.88483535906073,2447.9546700472615
compas,ann,ig,,,,,,0.77412933,0.63382167,273.5724838536398,2350.7861993200077
compas,ann,ig,,,,,,0.6883951,0.69361544,325.38110059464947,7907.79960592863
compas,ann,ig,,,,,,0.7589718,0.7188158,314.66894572680076,50973.43525186706
compas,ann,ig,,,,,,0.79055446,0.65174586,360.96018754414797,2319.4318155859432
compas,ann,ig,,,,,,0.7006287,0.5812574,305.2786439943414,5238.739807785424
compas,ann,ig,,,,,,0.5398421,0.61482173,237.98804721881325,22837.580928180716
compas,ann,ig,,,,,,0.58011144,0.694459,232.76606976778888,4427.388866751044
compas,ann,ig,,,,,,0.80437416,0.6082101,368.2715893547358,2460.9508262205263
compas,ann,ig,,,,,,0.117565386,0.061636157,102.41925578669701,886.6121659539085
compas,ann,ig,,,,,,0.038975455,0.15885761,113.21074521073243,860.7380959922621
compas,ann,ig,,,,,,0.15450889,0.23622032,108.99418984509556,894.8428888319215
compas,ann,ig,,,,,,0.08273118,0.18961604,100.26101135410512,829.8805966374453
compas,ann,ig,,,,,,0.09498784,0.09901633,111.89391526990754,996.6988218754751
compas,ann,ig,,,,,,0.14384125,0.1305394,82.15444529480881,15909.742889594147
compas,ann,ig,,,,,,0.044454582,0.16477467,102.20491657975312,3466.464899593326
compas,ann,ig,,,,,,0.050043248,0.20973371,105.24640510000081,1086.1800393100184
compas,ann,ig,,,,,,0.037721448,0.18316881,92.94772065002876,1797.3056213518491
compas,ann,ig,,,,,,0.14663263,0.04290259,111.96634162765697,1012.5717180018163
compas,ann,ig,,,,,,0.044748195,0.062053867,178.14833847946372,947.6314235833783
compas,ann,ig,,,,,,0.05033464,0.06698728,153.75423008590963,1502.7539628742647
compas,ann,ig,,,,,,0.06647138,0.11860247,222.05655818475495,1101.7555712805392
compas,ann,ig,,,,,,0.046372734,0.064259075,42.47067175849843,3074.813418606536
compas,ann,ig,,,,,,0.09754077,0.06910457,64.77207553255947,1020.1214650205749
compas,ann,ig,,,,,,0.06846446,0.090721175,243.12535430345244,1130.060682034382
compas,ann,ig,,,,,,0.07101803,0.24396545,270.03040738937153,4358.4183660024855
compas,ann,ig,,,,,,0.14396083,0.06852761,163.40090890811052,1698.1798110921848
compas,ann,ig,,,,,,0.08144962,0.07595183,339.3842711405677,1065.4929038294342
compas,ann,ig,,,,,,0.075442694,0.11568433,194.72139017542438,996.32128450155
compas,ann,ig,,,,,,0.3439406,0.6451394,89.5590747759656,7425.426176203592
compas,ann,ig,,,,,,0.63226324,0.6931638,54.20640766005665,6023.699189167393
compas,ann,ig,,,,,,0.5957991,0.6006608,45.4514864267539,1986.3656441440658
compas,ann,ig,,,,,,0.6978194,0.5782279,57.208751523485255,30158.091765866942
compas,ann,ig,,,,,,0.56660044,0.53731406,60.33630149028423,2054.8034637645464
compas,ann,ig,,,,,,0.624153,0.53769696,50.23012583076856,1840.083169658
compas,ann,ig,,,,,,0.7401154,0.5700723,44.269930333730194,1944.105025355273
compas,ann,ig,,,,,,0.61066777,0.64708614,39.541649050666756,1817.12855493925
compas,ann,ig,,,,,,0.6111361,0.54704255,37.62389220069199,2054.6043714560055
compas,ann,ig,,,,,,0.5415611,0.5444384,51.871902876002785,1808.8886292700304
compas,ann,ig,,,,,,0.6866396,0.7330008,15512.087497646808,80330.61624303686
compas,ann,ig,,,,,,0.7219591,0.7523272,17431.421339903216,135485.0429015226
compas,ann,ig,,,,,,0.668854,0.79078376,63486.76356976074,54062.48492097843
compas,ann,ig,,,,,,0.7215038,0.72576696,10345.477877178837,719880.1362262806
compas,ann,ig,,,,,,0.73269415,0.65298617,252892.96773741755,254725.48430898678
compas,ann,ig,,,,,,0.67043227,0.76447123,47863.24920653338,24501.160896540965
compas,ann,ig,,,,,,0.71767104,0.74971634,13831.438629684757,39364.87968392052
compas,ann,ig,,,,,,0.69680536,0.7975442,98393.9446321235,31749.309302247406
compas,ann,ig,,,,,,0.72879636,0.67389333,36947.36867497578,37098.24504904339
compas,ann,ig,,,,,,0.7186259,0.7821849,60055.53412098474,1006404.1177569034
compas,ann,ig,,,,,,0.064876735,0.1673981,177.38623909905166,1249.3392852140703
compas,ann,ig,,,,,,0.0719399,0.20412126,123.09297439844525,3585.625705517073
compas,ann,ig,,,,,,0.06781685,0.3153425,343.37406729300847,1691.060271264604
compas,ann,ig,,,,,,0.07641655,0.25832373,343.7032624086423,2328.6876709769977
compas,ann,ig,,,,,,0.09889211,0.114270225,338.7828747685856,1309.6848350476878
compas,ann,ig,,,,,,0.063082114,0.2818701,271.45289213954766,1744.038952808033
compas,ann,ig,,,,,,0.10232955,0.1741098,319.2557370814893,2719.864113395875
compas,ann,ig,,,,,,0.059737373,0.21128389,269.4286136353082,6487.3629289293285
compas,ann,ig,,,,,,0.0946247,0.13027933,279.13031758403554,1192.8265645875617
compas,ann,ig,,,,,,0.10940188,0.17017964,292.91833073629607,1151.6354797555764
compas,ann,ig,,,,,,0.42288262,0.58299893,859.044497852895,2196.5912609675383
compas,ann,ig,,,,,,0.50616705,0.29528835,1915.613902184429,3544567.4999821093
compas,ann,ig,,,,,,0.48617157,0.32703453,1990.5513399306528,42940.01134035521
compas,ann,ig,,,,,,0.0024435022,0.025877435,7.25959259023099,1238.792231658312
compas,ann,ig,,,,,,0.0043266662,0.010504335,6.621084783861906,1625.3211394261164
compas,ann,ig,,,,,,0.003105309,0.009077743,6.733052251172764,1328.959576261867
compas,ann,ig,,,,,,0.8058188,0.73335576,34.69084348009111,1976.4072513712058
compas,ann,ig,,,,,,0.78106326,0.76573837,46.06266952098191,2020.1594881989872
compas,ann,ig,,,,,,0.74167335,0.7386658,45.818125914457426,1798.5480017956345
compas,ann,ig,,,,,,0.6765096,0.7093216,45.364243668533504,1946.146078784571
compas,ann,ig,,,,,,0.1311424,0.093031794,353.7608148630662,4524.891540871554
compas,ann,ig,,,,,,0.08259868,0.03084257,494.32937260696235,43488.37020709683
compas,ann,ig,,,,,,0.58281326,0.6215794,71369.5376067639,497726.5766122793
compas,ann,ig,,,,,,0.7129439,0.36388132,811.3816880521788,5195.033212505997
compas,ann,ig,,,,,,0.59391326,0.3049645,658.6634916125169,2235.085511942632
compas,ann,ig,,,,,,0.6140201,0.66790915,31434.370626523305,114238.65364028614
compas,ann,ig,,,,,,0.63282645,0.53514445,28185.61685387217,159813.07293699897
compas,ann,ig,,,,,,0.6675333,0.7319888,141419.1967159171,240982.27980366512
compas,ann,ig,,,,,,0.17878838,0.103041865,415.34218525996886,865.2050263302835
compas,ann,ig,,,,,,0.9039682,0.5954796,34.00334318432016,1683.3753135495235
compas,ann,ig,,,,,,0.3873379,0.59309685,308171.432255464,130409.16415284577
compas,ann,ig,,,,,,0.6757884,0.49691904,441.46196983030006,458.52265736728276
compas,ann,ig,,,,,,0.4886172,0.6769124,53828.43237546378,78508.00537241026
compas,ann,ig,,,,,,0.031692825,0.105235204,41.953876842080014,820.6513695239612
compas,ann,ig,,,,,,0.37009385,0.58307064,475.8336474470565,1954.5983938130025
compas,ann,ig,,,,,,0.02804653,0.05936531,10.699244107607443,1413.9671591260637
compas,ann,ig,,,,,,0.38373134,0.32967308,35.2277570668702,3442.3282982147616
compas,ann,ig,,,,,,0.7576992,0.49414808,652.4207424932832,456.19311724412154
compas,ann,ig,,,,,,0.72657967,0.659337,928.3536859008141,1740.7621100289796
compas,ann,ig,,,,,,0.5373389,0.43813094,359.851903512608,1593.720909662428
compas,ann,ig,,,,,,0.4272014,0.6658332,589.0039094722285,1870.397648718169
compas,ann,ig,,,,,,0.53823996,0.37298983,264.384957010057,2434.02267127934
compas,ann,ig,,,,,,0.5668487,0.4995708,119.96401716048554,40164.23329896312
compas,ann,ig,,,,,,0.22262761,0.40160668,153.78261332199799,1701.2402356505193
compas,ann,ig,,,,,,0.43689096,0.54964006,135.2728046120737,142264.2039601286
compas,ann,ig,,,,,,0.0023269642,0.016374607,3.595261774264868,1169.7326631702533
compas,ann,ig,,,,,,0.26609898,0.30261356,126.22061525433162,401312.3667120554
compas,ann,ig,,,,,,0.4637775,0.3910501,113.69288184944119,1163.9048552042666
compas,ann,ig,,,,,,0.3785855,0.29312935,51.838918167668815,1252.6126576547845
compas,ann,ig,,,,,,0.44887018,0.41374326,26.00051666816897,1920.263958261006
compas,ann,ig,,,,,,0.06574783,0.4432652,16.14717508191031,747.2475759213975
compas,ann,ig,,,,,,0.0059795086,0.032517172,63.51893929570814,2952.4914149997676
compas,ann,ig,,,,,,0.5251506,0.5838202,396.2709597944669,2662.7094182202763
compas,ann,ig,,,,,,0.5545136,0.25502062,1865.7367395915792,33026.393888897255
compas,ann,ig,,,,,,0.10179326,0.33830315,32.08883708522637,1823.8788051191486
compas,ann,ig,,,,,,0.629231,0.4329627,425.2397465996797,624944.3597378437
compas,ann,ig,,,,,,0.71795356,0.61998415,30.8708015869573,1911.417355358928
compas,ann,ig,,,,,,0.53061295,0.38396657,512.1328884947652,38644.48435687031
compas,ann,ig,,,,,,0.7970518,0.6773429,30.0909451029164,7634.842407532811
compas,ann,ig,,,,,,0.006699969,0.013803542,7.100676333992476,2324.47449340391
compas,ann,ig,,,,,,0.010663982,0.053958938,61.53259461589123,642.3131164497706
compas,ann,ig,,,,,,0.007744792,0.11273706,76.89750323950533,517.6952631479315
compas,ann,ig,,,,,,0.12085688,0.49547526,3725.112465230946,1013.773339073119
compas,ann,ig,,,,,,0.686784,0.62866616,545.6121774488655,2792.6644114188857
compas,ann,ig,,,,,,0.009936504,0.17418051,64.10925698489044,685.6168284003493
compas,ann,ig,,,,,,0.5008373,0.64759594,50822.52797711345,63485.534562264125
compas,ann,ig,,,,,,0.06194343,0.2799188,50.410469869441876,1694.265128668754
compas,ann,ig,,,,,,0.011289385,0.048254237,11.699041128240085,185884.0041834971
compas,ann,ig,,,,,,0.523182,0.40200305,428.79239486627375,10004.90119368372
compas,ann,ig,,,,,,0.35204852,0.3427347,265.5834446101228,1811.4066190428719
compas,ann,ig,,,,,,0.0523863,0.35174197,32.41897031809933,1833.7976647758803
compas,ann,ig,,,,,,0.5945448,0.4129798,1356.2423513727808,919.2206087608249
compas,ann,ig,,,,,,0.00032351946,0.0033943355,4.64858101700378,13194.23116337218
compas,ann,ig,,,,,,0.059616953,0.25561574,18.135601013650017,1397.47658576287
compas,ann,ig,,,,,,0.573237,0.5329683,224.53193001419604,1751.2859724903526
compas,ann,ig,,,,,,0.82610774,0.7310932,495.8464314144134,2356.2257036740534
compas,ann,ig,,,,,,0.45247027,0.61854565,91728.71339437852,1877336.8174157857
compas,ann,ig,,,,,,0.03861314,0.08407843,124.97243144444107,1074.0684734558424
compas,ann,ig,,,,,,0.12191827,0.5049831,221.6827066505157,1454.7209827186734
compas,ann,ig,,,,,,0.47423938,0.48077428,1808.3044571129058,53910.46696678399
compas,ann,ig,,,,,,0.01475517,0.15487175,26.290717999834328,688.542554882944
compas,ann,ig,,,,,,0.050673448,0.20447828,18.937873195437877,1009.8645015088298
compas,ann,ig,,,,,,0.008308172,0.10147076,99.55696718790612,674.4877361154364
compas,ann,ig,,,,,,0.6370543,0.39024097,363.1182859308202,9728.600041860784
compas,ann,ig,,,,,,0.0034561586,0.013826076,8.726764190590984,2897.9916517124043
compas,ann,ig,,,,,,0.5682898,0.45837831,150.3311774444058,3858.2649717044605
compas,ann,ig,,,,,,0.62278277,0.49116898,1213.6437021056431,9590.122728024266
compas,ann,ig,,,,,,0.5290439,0.3525139,188.78763998935844,3758.7742825944392
compas,ann,ig,,,,,,0.46294045,0.59532773,60324.21799189825,705637.4406520893
compas,ann,ig,,,,,,0.005837342,0.07190175,7.55539863139293,4155.593808695052
compas,ann,ig,,,,,,0.49863118,0.26746464,527527.2268212916,61068.0965950415
compas,ann,ig,,,,,,0.24200234,0.19134879,396.43276705854765,2400.56733605285
compas,ann,ig,,,,,,0.55803335,0.43356022,1690.6348458908276,87437.60041614561
compas,ann,ig,,,,,,0.6703057,0.3073664,1900.1905393997165,352924.46766951616
compas,ann,ig,,,,,,0.31174543,0.42329922,40.54079992264588,1533.103195848093
compas,ann,ig,,,,,,0.37695196,0.51159495,56261.43869121142,544515.4113113356
compas,ann,ig,,,,,,0.016682701,0.15352349,37.95319146817626,547.342023168998
compas,ann,ig,,,,,,0.002663567,0.037054755,7.304656390090196,1296.2136386381194
compas,ann,ig,,,,,,0.58417684,0.42786878,1429.3257691840508,17588.385526253478
compas,ann,ig,,,,,,0.19800025,0.42018145,705.4767231377956,3059.5416758986203
compas,ann,ig,,,,,,0.33769783,0.35361752,133267.3037072118,213010.79144789162
compas,ann,ig,,,,,,0.41930315,0.43619886,1199.23983844134,3562.8603528758917
compas,ann,ig,,,,,,0.20381892,0.5395996,704.9160035712921,1866.9976753988378
compas,ann,ig,,,,,,0.6782012,0.7300589,624.0581211830867,34798.67326162053
compas,ann,ig,,,,,,0.6548215,0.6446235,41761.679123257985,42596.62363542975
compas,ann,ig,,,,,,0.037688382,0.12000152,27.599115221686528,727.7965326490292
compas,ann,ig,,,,,,0.40233746,0.17257388,605.8088423631592,31948.65558195147
compas,ann,ig,,,,,,0.48877665,0.6135839,92.8026116594848,3147.6503386910726
compas,ann,ig,,,,,,0.49922368,0.49746373,99242.96857041413,166197.26035020186
compas,ann,ig,,,,,,0.049928214,0.078419015,121.3977704757512,782.8416849116091
compas,ann,ig,,,,,,0.16243508,0.085511796,726.3017890041754,42207.10549450434
compas,ann,ig,,,,,,0.063642725,0.16689256,404.31596267174865,20130.715585116388
compas,ann,ig,,,,,,0.12110512,0.38584715,21.195775384126666,6415.009692332382
compas,ann,ig,,,,,,0.70439965,0.69626814,106.57387457078585,2243.2314853155685
compas,ann,ig,,,,,,0.013580729,0.044652373,131.13029197918505,702.7315848380238
compas,ann,ig,,,,,,0.0010836291,0.00722503,6.202035195721076,12873.425792159118
compas,ann,ig,,,,,,0.015154944,0.4132254,36.462304834688105,793.004176551678
compas,ann,ig,,,,,,0.5606369,0.481434,645.4879845580556,24777.896728926877
compas,ann,ig,,,,,,0.47136107,0.40609875,487.73989878915904,6289.045171113671
compas,ann,ig,,,,,,0.31620958,0.19654028,1792.082960684697,670106.638581241
compas,ann,ig,,,,,,0.10827765,0.16922331,125.26178128120475,1244.0554795376054
compas,ann,ig,,,,,,0.42557022,0.38277596,452.17600405059306,1686.4222861695632
compas,ann,ig,,,,,,0.45974183,0.41509402,1427.0060552891418,8931.127687175203
compas,ann,ig,,,,,,0.55046695,0.5705406,256.7958892001952,21734.65168773315
compas,ann,ig,,,,,,0.5454223,0.39903355,1060.0019178496298,5047.240673443982
compas,ann,ig,,,,,,0.30928695,0.36212128,104984.56432129692,49846.22781439235
compas,ann,ig,,,,,,0.66307753,0.77887756,346.5307348990108,2456.980976750189
compas,ann,ig,,,,,,0.44019738,0.42400232,110858.36657175845,57888.34181184498
compas,ann,ig,,,,,,0.3804837,0.62061423,675752.33241139,75647.76948711497
compas,ann,ig,,,,,,0.13232377,0.14647104,1615.049935623458,26263.29817494245
compas,ann,ig,,,,,,0.7165569,0.70093125,87.80291725376559,2464.034064437777
compas,ann,ig,,,,,,0.69570446,0.53369546,351.61816907696686,4835.213990177329
compas,ann,ig,,,,,,0.61156416,0.52508485,1999.567165810895,19601.22501514464
compas,ann,ig,,,,,,0.5438879,0.670409,77856.0378279178,54102.30794591856
compas,ann,ig,,,,,,0.45661563,0.5946448,34651.79499556242,84770.73357260831
compas,ann,ig,,,,,,0.7094273,0.5263694,358.8929112006146,2103.233128192438
compas,ann,ig,,,,,,0.19595356,0.5367105,50.39047982102836,2479.4877223398826
compas,ann,ig,,,,,,0.5136308,0.4080913,197.63511128570468,4677.525228498918
compas,ann,ig,,,,,,0.441817,0.41139758,260.749421808042,31773.736095238393
compas,ann,ig,,,,,,0.080596425,0.24137741,270.776947085497,1916.0819089911895
compas,ann,ig,,,,,,0.27660522,0.25548428,350.6387449962051,2508.0723732963434
compas,ann,ig,,,,,,0.61026686,0.52112633,20.78894191737556,13786.507474629467
compas,ann,ig,,,,,,0.5469336,0.54847556,217.7279733157427,6594.637611174539
compas,ann,ig,,,,,,0.30481637,0.32658756,723.1020969874427,3945.776011707078
compas,ann,ig,,,,,,0.41252732,0.082447626,401.67509176830134,63350.16978961137
compas,ann,ig,,,,,,0.41306922,0.4771963,284.04016130108306,5726.046739561173
compas,ann,ig,,,,,,0.77866054,0.59561646,417.68478724494855,2683.0703919987805
compas,ann,ig,,,,,,0.5199667,0.30512708,1916.7889001063975,81068.93205650474
compas,ann,ig,,,,,,0.04115261,0.12600088,63.1070934995339,1033.6811131982201
compas,ann,ig,,,,,,0.5917975,0.6398965,119690.98108953703,69067.55983339122
compas,ann,ig,,,,,,0.37414235,0.45360523,54.87866307648429,1307.6982277158327
compas,ann,ig,,,,,,0.22454414,0.5104589,70.8936190910142,8770.703747398833
compas,ann,ig,,,,,,0.061814647,0.05616374,127.91578905201682,1004.788818347942
compas,ann,ig,,,,,,0.0388693,0.09845848,402.40867855177015,1685.491327652723
compas,ann,ig,,,,,,0.81432414,0.3430187,645.2529484900144,2245.9781528473995
compas,ann,ig,,,,,,0.6541944,0.47508276,775.7830935893102,9841.592178201738
compas,ann,ig,,,,,,0.55820525,0.6632906,184120.64215673393,57720.48620916962
compas,ann,ig,,,,,,0.64587635,0.44525436,1416.2405247277136,2160.279187740219
compas,ann,ig,,,,,,0.38173884,0.5973381,170.49264825815837,2051.5570068928782
compas,ann,ig,,,,,,0.6921737,0.37220442,934.891112023123,33845.74881403969
compas,ann,ig,,,,,,0.39696786,0.407038,430.3035775274376,1723.3902263018467
compas,ann,ig,,,,,,0.6059068,0.38588497,90.36606042625532,1300.9382281406931
compas,ann,ig,,,,,,0.14754006,0.15719536,94.316180146719,1847.6122484379227
compas,ann,ig,,,,,,0.17338587,0.507594,551.4601612589017,5349.548166730025
compas,ann,ig,,,,,,0.0122856125,0.08197818,65.46023515541425,547.6086265709703
compas,ann,ig,,,,,,0.5995539,0.726199,21413.04439626558,31670829.70072694
compas,ann,ig,,,,,,0.2593382,0.15834844,449578.81002183317,214153.38698007527
compas,ann,ig,,,,,,0.0061779353,0.029064752,74.86081965419253,1183.82796159802
compas,ann,ig,,,,,,0.6764909,0.6325767,40.33127349336934,421290.18807137915
compas,ann,ig,,,,,,0.51997405,0.43656975,1495.4375671245527,110799.16805911416
compas,ann,ig,,,,,,0.54280496,0.46881184,66.28508039082122,1766.2290069058072
compas,ann,ig,,,,,,0.005272939,0.069184475,52.20067558127439,752.7154239390652
compas,ann,ig,,,,,,0.62857765,0.53060174,577.8186946223519,569.3723282802557
compas,ann,ig,,,,,,0.8567889,0.3756738,25.54652264525635,30484.528129941733
compas,ann,ig,,,,,,0.53375244,0.582788,134.270388444823,25472.68359266815
compas,ann,ig,,,,,,0.09962419,0.2370438,347.9204435587427,6490.882795640396
compas,ann,ig,,,,,,0.022431038,0.12039469,26.60498155651471,691.6147143122488
compas,ann,ig,,,,,,0.0069930283,0.019877424,10.289634193938564,1421.8153631812909
compas,ann,ig,,,,,,0.23201577,0.15980968,451.92195919956436,1235.6221703918561
compas,ann,ig,,,,,,0.50943327,0.45251364,1103.8186377948202,124427.76799313904
compas,ann,ig,,,,,,0.6511033,0.56003374,46583.710074770235,100198.32018454831
compas,ann,ig,,,,,,0.030348498,0.13026461,116.70336318823645,832.6547343638043
compas,ann,ig,,,,,,0.52610254,0.36787632,1876.8012280526643,32480.146520017577
compas,ann,ig,,,,,,0.016430218,0.06317864,14.673166077616543,705.1303458130049
compas,ann,ig,,,,,,0.0039306064,0.07981127,7.83680496810926,842.5183531638439
compas,ann,ig,,,,,,0.71569806,0.54342633,707.7873641143688,3549.9547610665263
compas,ann,ig,,,,,,0.24478096,0.41925457,122.51734557306077,1898.055539538353
compas,ann,ig,,,,,,0.23674995,0.34459957,290.80593799755763,1188.636776881752
compas,ann,ig,,,,,,0.047997188,0.20354576,73.73964167208997,1626.987113409387
compas,ann,ig,,,,,,0.16079521,0.11804297,216.39792383129281,1643.754343928105
compas,ann,ig,,,,,,0.0021513253,0.0036287517,157.16834489896192,26771.48826416824
compas,ann,ig,,,,,,0.6889033,0.46278584,232.0103671178185,5446.878900671077
compas,ann,ig,,,,,,0.4729454,0.36618024,713227.2649193461,7034482.490909763
compas,ann,ig,,,,,,0.46336398,0.4883292,219.9536228392253,78216.9228077393
compas,ann,ig,,,,,,0.0529932,0.22462642,44.01113856147729,723.3398695098018
compas,ann,ig,,,,,,0.6478699,0.572732,10423.04177293538,100013.20536020142
compas,ann,ig,,,,,,0.41116884,0.7155696,236972.08417869097,436710.3702543974
compas,ann,ig,,,,,,0.0023988294,0.0040875576,54.88374808645544,4566.0406740375765
compas,ann,ig,,,,,,0.16414972,0.36914825,333.83550067132563,2109.0808684959343
compas,ann,ig,,,,,,0.48983666,0.3908222,257.81178189758214,1536.5574164162774
compas,ann,ig,,,,,,0.45686975,0.46527863,282846.16680159915,398308.83242411236
compas,ann,ig,,,,,,0.565552,0.65241873,53.24137368581318,2258.355833406414
compas,ann,ig,,,,,,0.3329826,0.33145154,259.13608543810517,1370.4715579561823
compas,ann,ig,,,,,,0.8200692,0.25738242,278.45942205439883,1569.02015575787
compas,ann,ig,,,,,,0.69175464,0.5722114,785.8121427424687,14353.903788527963
compas,ann,ig,,,,,,0.101194546,0.16255555,774.188736682422,1117.5176213674054
compas,ann,ig,,,,,,0.48136273,0.40783128,1403.0752185788792,52470.161513331775
compas,ann,ig,,,,,,0.040304277,0.12040593,110.21012122762863,8671.214376649914
compas,ann,ig,,,,,,0.7898137,0.6746062,35.404422181316775,2252.478955283895
compas,ann,ig,,,,,,0.7683129,0.6974116,247.19991271711157,28928.89845632736
compas,ann,ig,,,,,,0.07792562,0.25391504,31.292602944263813,1068.5955050526054
compas,ann,ig,,,,,,0.47575885,0.48253298,277.9312216277374,12493.36543374
compas,ann,ig,,,,,,0.22002572,0.06793227,214.43494302677507,1667.433740709922
compas,ann,ig,,,,,,0.8347814,0.73053724,44.87726665939613,7829.451853691271
compas,ann,ig,,,,,,0.7549018,0.66771746,89.99131003937951,2577.308033099946
compas,ann,ig,,,,,,0.0095933955,0.039399765,108.42990807584953,1497.3568926658309
compas,ann,ig,,,,,,0.6161298,0.3584518,1759.5396282282443,66958.54370117401
compas,ann,ig,,,,,,0.45454466,0.40446576,65.47626646779491,18650.902350659046
compas,ann,ig,,,,,,0.00412936,0.013870878,36.99043341690698,1144.5820540442003
compas,ann,ig,,,,,,0.27694795,0.3475125,280.6138075907094,9587.712257867166
compas,ann,ig,,,,,,0.15063201,0.45039573,20.15301040398485,2201.081077214585
compas,ann,ig,,,,,,0.34461248,0.20051086,121.64351091444861,18042.093289688783
compas,ann,ig,,,,,,0.37272727,0.5791542,54151.15691530278,6838477.422450403
compas,ann,ig,,,,,,0.7771694,0.6562816,42.91843480810486,1916.6962695203517
compas,ann,ig,,,,,,0.5039476,0.56175363,116540.05361770866,684747.9181517765
compas,ann,ig,,,,,,0.08226101,0.30341125,2025478.7108137636,1290142.4266848848
compas,ann,ig,,,,,,0.63122725,0.5349665,60403.665895754435,436169.92963707325
compas,ann,ig,,,,,,0.86631185,0.58722985,66.99068147499908,2183.540782296114
compas,ann,ig,,,,,,0.59325004,0.284806,33638.178757837224,29320.84158614625
compas,ann,ig,,,,,,0.14224985,0.26162797,399.9851037328793,1805.696048407823
compas,ann,ig,,,,,,0.0935486,0.31295514,188.7135477858628,3685.013313826886
compas,ann,ig,,,,,,0.014021411,0.071812205,9.062768523638233,719.6980342570738
compas,ann,ig,,,,,,0.053734623,0.08537585,28.268381932201542,1425.0124311649363
compas,ann,ig,,,,,,0.6898942,0.58246946,1347.7728892331754,6196.683198224622
compas,ann,ig,,,,,,0.02608549,0.1280323,15.815071278259465,693.2014755593682
compas,ann,ig,,,,,,0.51310617,0.3189877,157.7342660522718,1330.817673894993
compas,ann,ig,,,,,,0.26698217,0.41569576,164.86328557660016,6852.343233217405
compas,ann,ig,,,,,,0.042830527,0.099971674,278.2617735917716,962.5490362162033
compas,ann,ig,,,,,,0.6839906,0.27643418,292.1409651237459,1533.9722915871334
compas,ann,ig,,,,,,0.6239926,0.6437892,150.69799188039968,3087.7382574477697
compas,ann,ig,,,,,,0.82445973,0.46203429,419.2147437379751,44705.86116293998
compas,ann,ig,,,,,,0.3683775,0.32382888,1990.8464586246716,160199.08411137585
compas,ann,ig,,,,,,0.56748486,0.6651475,45361.801163648,91559.1668226696
compas,ann,ig,,,,,,0.08793388,0.24822006,309.5864856562896,2362.540249363281
compas,ann,ig,,,,,,0.005512046,0.014701414,149.0466460482898,635.9662053182415
compas,ann,ig,,,,,,0.7419899,0.6308958,635.3165855652763,7860.778163363458
compas,ann,ig,,,,,,0.5428834,0.61563635,55669.81534393901,212721.63882950414
compas,ann,ig,,,,,,0.01859126,0.018229345,519.8392582036508,1108.537706082461
compas,ann,ig,,,,,,0.10477117,0.2688074,520.0092904196476,1541.0951279264675
compas,ann,ig,,,,,,0.69286764,0.57203966,898.1862234283341,1245.2145965986165
compas,ann,ig,,,,,,0.61110145,0.50966114,326.4819385910348,3335.5318621873375
compas,ann,ig,,,,,,0.48056862,0.4988053,171.8591374305735,4864.763335064415
compas,ann,ig,,,,,,0.76841635,0.7660585,50.61271599405726,2282.830130825856
compas,ann,ig,,,,,,0.33440867,0.35211632,8336893.238958179,33776.77607954276
compas,ann,ig,,,,,,0.7385161,0.5464228,427.17466875717923,8148.007710647539
compas,ann,ig,,,,,,0.016796213,0.10050204,9.889046375839072,2991.1403164682047
compas,ann,ig,,,,,,0.027412854,0.13585438,27.346164320837133,756.1288364730029
compas,ann,ig,,,,,,0.5564493,0.27639055,27.554798168233,1081.4398512779853
compas,ann,ig,,,,,,0.4477997,0.48658618,2243957.1619155942,106484.41337040643
compas,ann,ig,,,,,,0.29288363,0.24616551,421.18186258747005,1590.4003719139325
compas,ann,ig,,,,,,0.61062616,0.5921307,562.46110152375,2199.606826629453
compas,ann,ig,,,,,,0.34772372,0.15932947,1173.2060942450616,106769.09052958556
compas,ann,ig,,,,,,0.50286007,0.40581027,174.46601167592942,162527.4022886672
compas,ann,ig,,,,,,0.028778734,0.07079791,63.79595086189057,751.6743830781278
compas,ann,ig,,,,,,0.40139434,0.5483029,396382.71812358155,711934.4452973963
compas,ann,ig,,,,,,0.4406698,0.46039936,237.43330345067642,1768.6916860137014
compas,ann,ig,,,,,,0.39847186,0.34479195,277.58192268099253,4031.7697409043203
compas,ann,ig,,,,,,0.64219,0.51351017,164.2569759345682,11149.461151636999
compas,ann,ig,,,,,,0.5898851,0.22078767,731.6456813365755,17447.680447576862
compas,ann,ig,,,,,,0.010366962,0.027549822,9.067655206116228,1099.0739970117415
compas,ann,ig,,,,,,0.5568211,0.44839463,1192.2414845020444,21195.432871438275
compas,ann,ig,,,,,,0.80240476,0.5827229,51.57842209787345,2546.4040100870866
compas,ann,ig,,,,,,0.452461,0.65238667,36676.95452930221,288617.165699473
compas,ann,ig,,,,,,0.49631968,0.38160402,1563.3002792448087,5728.149992881444
compas,ann,ig,,,,,,0.5773947,0.4228423,157.68071275522362,2381.910463022761
compas,ann,ig,,,,,,0.59118676,0.4568756,749.1159350482485,307128.4117709001
compas,ann,ig,,,,,,0.53907156,0.4392559,1400.3463205339774,104683.31476123715
compas,ann,ig,,,,,,0.541288,0.52349645,984058.9729719546,1388451.3789064167
compas,ann,ig,,,,,,0.16425857,0.41274685,164.5163557413779,4892.186140137334
compas,ann,ig,,,,,,0.24853224,0.24707177,457.8234797241749,1301.6168910920355
compas,ann,ig,,,,,,0.17091545,0.3347425,761.7177389121749,8151.765693581217
compas,ann,ig,,,,,,0.6947698,0.40712395,51.779776234539966,1672.6525742397328
compas,ann,ig,,,,,,0.0129423225,0.016553404,86.17548527400207,1807.2529883279744
compas,ann,ig,,,,,,0.07381491,0.34338078,30.35640730183464,981.756321122802
compas,ann,ig,,,,,,0.2389221,0.3232149,229.78577918167727,20659.842642149408
compas,ann,ig,,,,,,0.52509123,0.594981,51.13562547947342,2076.8028378988624
compas,ann,ig,,,,,,0.0029588053,0.020696595,36.054260056054794,970.2931860702847
compas,ann,ig,,,,,,0.44930705,0.39347947,112.31565276998433,1589.0807828431539
compas,ann,ig,,,,,,0.8339282,0.19015792,197.07720443575147,14252.513793851833
compas,ann,ig,,,,,,0.6432035,0.29591742,1324.676463966791,18059.576218477516
compas,ann,ig,,,,,,0.30165914,0.417555,211.21637569177474,1827.388539364032
compas,ann,ig,,,,,,0.015423523,0.042133044,10.58547275652,504.4887270799356
compas,ann,ig,,,,,,0.73492336,0.2711754,1053.913796410497,6404.717181382361
compas,ann,ig,,,,,,0.3939539,0.33363405,1283197.3168935885,2599548.0810846225
compas,ann,ig,,,,,,0.03895224,0.19712111,130.9389962607636,967.7658105435381
compas,ann,ig,,,,,,0.50880516,0.31155682,189.71484868113777,3413.9727346165964
compas,ann,ig,,,,,,0.006351013,0.018914802,8.123637276095085,1060.7002148434706
compas,ann,ig,,,,,,0.3288874,0.5025863,20.12658843183184,2362.967952247448
compas,ann,ig,,,,,,0.6470109,0.52577865,909.4355774825551,3008.2841379880524
compas,ann,ig,,,,,,0.74348795,0.4733227,851.3465912979063,4189.1730602526595
compas,ann,ig,,,,,,0.55529404,0.6172565,337.7230625225423,17696.415638655886
compas,ann,ig,,,,,,0.4146085,0.30633435,310.99000834079567,1885.2477659056651
compas,ann,ig,,,,,,0.64892644,0.3978866,54.905830316698854,1624.3229992603765
compas,ann,ig,,,,,,0.30146605,0.34929252,148.99443859097414,1803.3298615782676
compas,ann,ig,,,,,,0.0022689062,0.015337436,50.472929020021176,1064.268505106353
compas,ann,ig,,,,,,0.734675,0.4753975,306.45038219272675,1366.9434654978968
compas,ann,ig,,,,,,0.43247885,0.52141756,212106.41203571437,151572.30551818933
compas,ann,ig,,,,,,0.0013710194,0.009058888,56.724912947007674,1096.0432093818183
compas,ann,ig,,,,,,0.30640525,0.3563475,1083.3878825954696,48015.838457827274
compas,ann,ig,,,,,,0.79597783,0.60715336,49.306315467424945,1823.5906394157691
compas,ann,ig,,,,,,0.012976296,0.022443766,125.96580268929144,4767.620211513169
compas,ann,ig,,,,,,0.41632637,0.20083812,26.266740461331995,966.333579180822
compas,ann,ig,,,,,,0.22430989,0.360697,153.72895422152976,1360.9659956338521
compas,ann,ig,,,,,,0.063305005,0.10381965,31.023968060481977,848.1339784058459
compas,ann,ig,,,,,,0.66459197,0.67940474,36.00937210441746,2201.838142665423
compas,ann,ig,,,,,,0.24848047,0.26785007,495.24293124905245,1634.8551204018659
compas,ann,ig,,,,,,0.79107714,0.6151855,26.277618893852196,2656.8860433801096
compas,ann,ig,,,,,,0.6624687,0.64534855,49.63350735376505,2668.085781212821
compas,ann,ig,,,,,,0.024460949,0.13014382,98.20021456328114,625.3441272629207
compas,ann,ig,,,,,,0.11015127,0.27111182,60.88510970424827,1031.1625245632338
compas,ann,ig,,,,,,0.670374,0.6545585,212.2031542418302,2272.9125927755094
compas,ann,ig,,,,,,0.7679124,0.5934883,636.5533226073959,7408.43852220336
compas,ann,ig,,,,,,0.16867077,0.07564931,1010.1604000686558,24862.91683565397
compas,ann,ig,,,,,,0.5769656,0.52379274,574.9432897345906,2829.1796391883413
compas,ann,ig,,,,,,0.61120987,0.52451634,513.907106997207,12671.403492558522
compas,ann,ig,,,,,,0.0008002456,0.0043847887,6.346690423844134,4744.208768742068
compas,ann,ig,,,,,,0.6742963,0.49738556,331.0556606896538,2428.7747174452
compas,ann,ig,,,,,,0.039280836,0.06433245,304.898071118821,1601.9555807998622
compas,ann,ig,,,,,,0.29356366,0.35123467,489.0824340349692,1897.8825058667944
compas,ann,ig,,,,,,0.019198308,0.0800059,75.08937855320336,741.1890331706753
compas,ann,ig,,,,,,0.03166475,0.19956943,12.265298927185952,1511.7728843160417
compas,ann,ig,,,,,,0.0442459,0.11984374,171.78449786138145,3029.892319070677
compas,ann,ig,,,,,,0.29187977,0.42088825,330.52253410818895,9804.684301559466
compas,ann,ig,,,,,,0.36756605,0.24432409,326.9746027487071,704.0020230060181
compas,ann,ig,,,,,,0.28630257,0.35042986,619203.0840632448,71684.67863191305
compas,ann,ig,,,,,,0.13381371,0.2639458,578.5754753356368,4744.478330291936
compas,ann,ig,,,,,,0.44109213,0.41491547,1514.5686785459375,475648.6022268237
compas,ann,ig,,,,,,0.15810674,0.3245226,347.4675080129245,3461.6338982247594
compas,ann,ig,,,,,,0.21902347,0.39844733,417.3195912293432,1837.2386416221088
compas,ann,ig,,,,,,0.6775237,0.5286311,382.8780757923367,2118.2580016894203
compas,ann,ig,,,,,,0.5348963,0.5298074,334.26380290933156,19384.17410948993
compas,ann,ig,,,,,,0.38646278,0.54293513,41.13732222730783,1959.3671860721167
compas,ann,ig,,,,,,0.112593114,0.2996733,408.9062739194885,7034.324469063962
compas,ann,ig,,,,,,0.22954406,0.16030996,1984.3950246760223,458146.4663931247
compas,ann,ig,,,,,,0.40500894,0.30115637,38.23662016692779,1245.1621137685206
compas,ann,ig,,,,,,0.42920965,0.23080137,23.814322376112628,2196.123254587723
compas,ann,ig,,,,,,0.747791,0.6668685,49.60338175498463,6009.275427239064
compas,ann,ig,,,,,,0.6500492,0.6994232,708.0478979057752,2287.240358214374
compas,ann,ig,,,,,,0.16171257,0.25840136,679.0522440252922,2790.7852113163776
compas,ann,ig,,,,,,0.63063,0.73482835,400136.06930381176,72930.51798055398
compas,ann,ig,,,,,,0.00085178966,0.0013124167,69.70701363868545,5981.596274895071
compas,ann,ig,,,,,,0.5014446,0.5674369,36258.16227442432,98135.56960561477
compas,ann,ig,,,,,,0.1662662,0.21722974,456.7921645925061,1261.8302187125037
compas,ann,ig,,,,,,0.37738264,0.37349367,49542.45889385032,44154.151710377
compas,ann,ig,,,,,,0.63911545,0.6168407,27.785926742808254,1673.7417200799766
compas,ann,ig,,,,,,0.016546464,0.09399276,139.37421157142458,673.2184263785797
compas,ann,ig,,,,,,0.01728586,0.012049973,137.81596481028274,602.3815714068918
compas,ann,ig,,,,,,0.645653,0.6298673,86992.60207803233,125169.63997955735
compas,ann,ig,,,,,,0.05156408,0.26096493,14.274329522985724,675.8797885803343
compas,ann,ig,,,,,,0.4071083,0.55480057,895.1646541355773,4933.811844458906
compas,ann,ig,,,,,,0.44897023,0.36016187,774.8842971197812,132938.53607581617
compas,ann,ig,,,,,,0.42459273,0.52710575,223003.12416177205,1638498.588707493
compas,ann,ig,,,,,,0.52223605,0.4160581,493.0784399338933,458.3013018214018
compas,ann,ig,,,,,,0.02384789,0.08023321,150.19337237760897,520.7419973747519
compas,ann,ig,,,,,,0.17222795,0.32423586,240.42023956238236,4585.760853682133
compas,ann,ig,,,,,,0.2187031,0.116332754,49.91321687275178,64627.306739335094
compas,ann,ig,,,,,,0.48162922,0.42940935,1569.2606507203661,62509.785263925056
compas,ann,ig,,,,,,0.0072512804,0.10520938,9.321784445650868,12832.063620544726
compas,ann,ig,,,,,,0.041409526,0.09771104,15.063157309920836,749.5917407203046
compas,ann,ig,,,,,,0.1152983,0.07838562,514.7734057486231,5139.6152110132925
compas,ann,ig,,,,,,0.68706465,0.48490882,1319.386965219165,9656.106791992934
compas,ann,ig,,,,,,0.19996008,0.3496726,345.0913795143207,2206.811403059701
compas,ann,ig,,,,,,0.4927584,0.3801626,1247.4577910039718,25081.258870709313
compas,ann,ig,,,,,,0.20896062,0.26315275,459.19114333939183,3511.3373933541648
compas,ann,ig,,,,,,0.052391868,0.11419619,28.356861749900457,5483.055560100718
compas,ann,ig,,,,,,0.6516613,0.6300773,44.198439490335325,4082.956850972847
compas,ann,ig,,,,,,0.75577563,0.31378248,467.2231520209353,1092.249136027297
compas,ann,ig,,,,,,0.64483416,0.48334354,307.28646662633855,68731.72873739108
compas,ann,ig,,,,,,0.51633966,0.57152385,23712.236845612915,10450820.53101581
compas,ann,ig,,,,,,0.013274539,0.033988252,26.118040481383296,564.802197426244
compas,ann,ig,,,,,,0.051453523,0.12402485,184.06120616765037,1007.1435305864106
compas,ann,ig,,,,,,0.4980741,0.49363083,154.89385844014882,1589.395202921766
compas,ann,ig,,,,,,0.07770783,0.13089894,512.3989666942232,57991.266133636214
compas,ann,ig,,,,,,0.08610357,0.22860307,617.933225613829,36510.58652978183
compas,ann,ig,,,,,,0.26432824,0.31403702,28.728758494071144,4004.446784199383
compas,ann,ig,,,,,,0.052447964,0.117339015,248.19304069213,998.7622979447913
compas,ann,ig,,,,,,0.7639319,0.39532438,16.359752380934214,1077.5109011051727
compas,ann,ig,,,,,,0.0028215626,0.07278386,10.131889598078962,1369.843168554742
compas,ann,ig,,,,,,0.65449286,0.71214175,30334.668305838873,364141.0288140668
compas,ann,ig,,,,,,0.2885683,0.39407662,3805005.695098815,73259.24187657295
compas,ann,ig,,,,,,0.61871475,0.5279768,369.7299326066657,4469.482789208476
compas,ann,ig,,,,,,0.42673188,0.36129016,153.54718582419116,1207.6711107526357
compas,ann,ig,,,,,,0.5756478,0.7283388,22446.156692220662,39585.00080230822
compas,ann,ig,,,,,,0.67999524,0.54306006,297.85140667002725,1872.8851264113878
compas,ann,ig,,,,,,0.23504637,0.2530503,332.3641092975559,2701.784430920179
compas,ann,ig,,,,,,0.6741544,0.63448274,47.86546473703654,2002.8705179898097
compas,ann,ig,,,,,,0.010548299,0.04744475,123.10361771610079,470.5205809878116
compas,ann,ig,,,,,,0.54012287,0.4382301,1223.624678170118,326539.25771001447
compas,ann,ig,,,,,,0.53948164,0.52487415,42517.43261801427,130242.58298843213
compas,ann,ig,,,,,,0.08657806,0.26031893,15.240718748534723,12313.93829186119
compas,ann,ig,,,,,,0.3158866,0.32441616,2536.186282080253,1653.1734133662737
compas,ann,ig,,,,,,0.07916559,0.11212854,1060.1602901623944,68756.256121272
compas,ann,ig,,,,,,0.5616279,0.3937707,222.42627497286048,2942.818900440551
compas,ann,ig,,,,,,0.23515244,0.09609796,844.5022255346312,40490.52896834116
compas,ann,ig,,,,,,0.65140057,0.24160665,1035.2489911420098,51507.89307395069
compas,ann,ig,,,,,,0.78842777,0.2913077,553.6951826522119,1484.8929843968854
compas,ann,ig,,,,,,0.7266696,0.24932839,26.504153854271106,1209.7715788559296
compas,ann,ig,,,,,,0.63172853,0.49155092,911.6868796894461,2949.3740682283674
compas,ann,ig,,,,,,0.12903012,0.49901256,377.8197829447215,95734.95864618175
compas,ann,ig,,,,,,0.035401896,0.015626142,248.99834362138844,2045.4027086643846
compas,ann,ig,,,,,,0.111446396,0.2771877,19.52864108284173,934.5670243907182
compas,ann,ig,,,,,,0.36713612,0.2884174,702124.8768076015,84027.5416483134
compas,ann,ig,,,,,,0.46005154,0.46240956,33.70443880215785,1127.5035338209038
compas,ann,ig,,,,,,0.57857156,0.6047603,75094.07731241282,668818.6700118771
compas,ann,ig,,,,,,0.6982138,0.53239363,214.47902734467297,1488.4550829329407
compas,ann,ig,,,,,,0.2540306,0.25113678,703.8599505934639,2496.7582816070517
compas,ann,ig,,,,,,0.80704224,0.24283557,748.1568056672055,2462.7003827341846
compas,ann,ig,,,,,,0.4384217,0.403367,889496.5829207626,207816.5865818787
compas,ann,ig,,,,,,0.51840365,0.3656178,2114.752820993075,1226655.330650501
compas,ann,ig,,,,,,0.013028797,0.22426918,13.045435566111962,14300.197609844954
compas,ann,ig,,,,,,0.23900048,0.29865387,95.60529960465075,1580.546032959904
compas,ann,ig,,,,,,0.5158962,0.6054939,82744.86839992808,352683.73011672567
compas,ann,ig,,,,,,0.60117024,0.4186198,1081.8651385656385,16599.87568107502
compas,ann,ig,,,,,,0.39200115,0.453571,401.9838525049068,25392.408993557314
compas,ann,ig,,,,,,0.47901008,0.55878115,100733.60467468106,144611.11015772156
compas,ann,ig,,,,,,0.008955647,0.12394209,8.699687716883409,9173.993536137468
compas,ann,ig,,,,,,0.026117897,0.09163318,37.35546132631059,782.974462404891
compas,ann,ig,,,,,,0.18709037,0.26698068,126.24714000898608,1493.016556409152
compas,ann,ig,,,,,,0.39279413,0.6093051,29235.983080270435,3012188.1962412223
compas,ann,ig,,,,,,0.2210558,0.2931731,364815.93796093884,26984.841611510677
compas,ann,ig,,,,,,0.3893786,0.76069635,19486.62803595565,262753.7104698849
compas,ann,ig,,,,,,0.239513,0.5536277,29.904163158730274,2204.6485709241883
compas,ann,ig,,,,,,0.30993703,0.54283446,68.56398249888821,1741.4036091742678
compas,ann,ig,,,,,,0.68581533,0.65590405,723.6711185167447,10705.555192711203
compas,ann,ig,,,,,,0.7250516,0.466283,144.80944456415844,1074.9668695483317
compas,ann,ig,,,,,,0.40049022,0.3696996,260076.150979392,47720.18428548889
compas,ann,ig,,,,,,0.25410247,0.091797665,506.2571679333174,5897.972598984578
compas,ann,ig,,,,,,0.8190223,0.6635424,463.0982629843198,2585.0325411770823
compas,ann,ig,,,,,,0.4113421,0.4756016,23.90680993591552,5264.512529599082
compas,ann,ig,,,,,,0.26435772,0.28162614,969.0625874245856,25563.949989093988
compas,ann,ig,,,,,,0.024097016,0.44311965,106.04972741786884,945.6585819026556
compas,ann,ig,,,,,,0.036807787,0.3052806,127.28982128960727,755.9727878859615
compas,ann,ig,,,,,,0.6200467,0.5327902,297.1418884522816,6202.092645756636
compas,ann,ig,,,,,,0.7437249,0.19755559,662.2999724607007,1439.0268462511322
compas,ann,ig,,,,,,0.019127512,0.02954115,120.94067205272002,543.5191975705688
compas,ann,ig,,,,,,0.12763883,0.19987004,100.17153004662022,897.1716694469704
compas,ann,ig,,,,,,0.0563313,0.10567403,282.07530187674064,761.0940632956705
compas,ann,ig,,,,,,0.01693973,0.1828893,17.576325355848606,748.665802454354
compas,ann,ig,,,,,,0.7595229,0.61731726,211.4954976714551,4047.36767524041
compas,ann,ig,,,,,,0.22344795,0.3887589,457.5231070809367,2739.7963962773497
compas,ann,ig,,,,,,0.8065632,0.5315587,306.00822437038903,5387.482775555347
compas,ann,ig,,,,,,0.7262085,0.5885653,30.077848811201946,13012.290427856315
compas,ann,ig,,,,,,0.73867786,0.35657796,310.6106005559434,81018.32583101933
compas,ann,ig,,,,,,0.760043,0.49118143,47284.454949562925,1628.5863325197136
compas,ann,ig,,,,,,0.3986489,0.7304455,120.3998588410025,2050.295782274547
compas,ann,ig,,,,,,0.59499454,0.34391987,585.2127070626123,749.5267143375961
compas,ann,ig,,,,,,0.11251942,0.12464796,16.68099945552701,1058.141660665881
compas,ann,ig,,,,,,0.4512323,0.48806164,294378.4100445995,95559.69562156194
compas,ann,ig,,,,,,0.3610473,0.3151844,346.10306266340393,1986.9957527921345
compas,ann,ig,,,,,,0.47753108,0.7643936,606384.2436998399,414702.45492127526
compas,ann,ig,,,,,,0.054003447,0.19026527,24.34937744682656,2048.801945928187
compas,ann,ig,,,,,,0.23909473,0.40216324,26.223061684882914,1293.821053083191
compas,ann,ig,,,,,,0.3326299,0.29156032,136.7079590189715,3618.800826036416
compas,ann,ig,,,,,,0.5063123,0.30143946,358.1787013732768,1454.8524758708143
compas,ann,ig,,,,,,0.005961408,0.02429507,29.45349350790367,2000.123074379474
compas,ann,ig,,,,,,0.17198093,0.26536623,117.99750494333625,1638.5036293116414
compas,ann,ig,,,,,,0.42566398,0.51521194,190.0223143188769,194880.09947873437
compas,ann,ig,,,,,,0.10615297,0.12874807,493.26863984577574,3654.047281515006
compas,ann,ig,,,,,,0.4185946,0.5774908,290312.22388593876,181802.18505829788
compas,ann,ig,,,,,,0.03842593,0.012890182,329.06172824856213,20054.508538804334
compas,ann,ig,,,,,,0.7228451,0.46152067,436.6588613062968,33676.86142113286
compas,ann,ig,,,,,,0.009800349,0.05597492,29.646175233685796,633.1771857248117
compas,ann,ig,,,,,,0.013763534,0.21636008,25.654237232121332,633.1592590693828
compas,ann,ig,,,,,,0.34761605,0.52570295,143467.0819290134,154284.94645953682
compas,ann,ig,,,,,,0.5529056,0.2594063,21.098584886337314,5040.346743220556
compas,ann,ig,,,,,,0.04316678,0.49210903,354.8059509700617,1348.496789938523
compas,ann,ig,,,,,,0.5931978,0.5779989,310.2210433728647,1969.3452422807736
compas,ann,ig,,,,,,0.21898903,0.45876214,77.78036967486395,1765.6397707867275
compas,ann,ig,,,,,,0.0012804455,0.016602479,20.164021373945744,1552.2522996083665
compas,ann,ig,,,,,,0.29867792,0.13843745,252.15881789654497,967.2110331288872
compas,ann,ig,,,,,,0.31417814,0.5005107,33.95527127040687,1748.9966553097468
compas,ann,ig,,,,,,0.0052023656,0.0151755,8.867775126267052,792.4330271692718
compas,ann,ig,,,,,,0.7467136,0.5276508,32.55899825736347,1821.2908355425695
compas,ann,ig,,,,,,0.102213815,0.31470352,31.799506046019967,2146.3272238401764
compas,ann,ig,,,,,,0.7596428,0.4209877,483.35312734440373,15040.956200030032
compas,ann,ig,,,,,,0.5278342,0.6978195,17656.48795199042,35070746.25305263
compas,ann,ig,,,,,,0.07580814,0.12568411,639.8433606254018,2032.4224421094364
compas,ann,ig,,,,,,0.1245438,0.31638885,137.67391179229855,6719.652270620765
compas,ann,ig,,,,,,0.008678436,0.05269526,31.414435341497708,507.42959775088985
compas,ann,ig,,,,,,0.6934104,0.45519504,258.43997534135696,18102.416099976643
compas,ann,ig,,,,,,0.6460718,0.6385987,371.7491883799201,3094.146723220688
compas,ann,ig,,,,,,0.6536234,0.47535032,216.79347903355176,17854.678640806258
compas,ann,ig,,,,,,0.6300354,0.38957986,77.81904694598106,1259.069634193991
compas,ann,ig,,,,,,0.46945074,0.4908897,282.7168586263115,42337.93422207313
compas,ann,ig,,,,,,0.14382797,0.11073236,627108.7285295619,75547.94265916198
compas,ann,ig,,,,,,0.17930841,0.31025082,390.089447505154,1306.4009815649677
compas,ann,ig,,,,,,0.000107786764,0.00040439787,6.1197457999705875,18983.73268868973
compas,ann,ig,,,,,,0.21122742,0.24550098,90.0047713619644,2090.6730291860717
compas,ann,ig,,,,,,0.052962843,0.37022164,27.59032534367751,866.4795808190761
compas,ann,ig,,,,,,0.0024530084,0.008701829,5.5804783595422185,2178.477526391914
compas,ann,ig,,,,,,0.16177969,0.32865542,17.77470586543874,1428.4811094620195
compas,ann,ig,,,,,,0.52734613,0.36337358,638.5092798406343,555615.6722010144
compas,ann,ig,,,,,,0.7671683,0.64113045,334.02289463413814,2856.8463809185405
compas,ann,ig,,,,,,0.481462,0.23043045,1127.4745608322517,273253.1306944535
compas,ann,ig,,,,,,0.49995378,0.35700542,308.45943717362246,4418.3952669772125
compas,ann,ig,,,,,,0.013600979,0.047889993,25.888413907718096,602.0696253071626
compas,ann,ig,,,,,,0.14330038,0.29839703,17.21209460569465,1005.5935110526643
compas,ann,ig,,,,,,0.4305578,0.63833165,39.15058026972618,3700.071587413557
compas,ann,ig,,,,,,0.11643821,0.21775223,284.89028852362395,2771.4308617598113
compas,ann,ig,,,,,,0.65269977,0.4919917,312.92770933911265,3127.668827848553
compas,ann,ig,,,,,,0.026016423,0.04377318,77.06385414095462,714.1730046509773
compas,ann,ig,,,,,,0.007396398,0.019925477,10.515817144606702,723.4723144358417
compas,ann,ig,,,,,,0.00895323,0.032587707,10.592028467982553,2828.992250825565
compas,ann,ig,,,,,,0.06622566,0.2861404,31.187589064869194,1060.6233764562655
compas,ann,ig,,,,,,0.027294312,0.07729068,14.234815157112731,722.2939928020172
compas,ann,ig,,,,,,0.5013214,0.47814637,4085.908717928923,2101.3088768071552
compas,ann,ig,,,,,,0.8161454,0.5231569,285.70225456676525,3077.031375846375
compas,ann,ig,,,,,,0.2944437,0.5067164,386.4687243362155,481977.4582913961
compas,ann,ig,,,,,,0.5949351,0.63064754,26.727212433097314,1909.0950373150683
compas,ann,ig,,,,,,0.0023781487,0.0045607593,6.1055066035667425,4294.613773078113
compas,ann,ig,,,,,,0.023585366,0.22233203,12.43600561219949,1902.4466583097121
compas,ann,ig,,,,,,0.015587318,0.094164096,8.518813742225825,557.0758418768085
compas,ann,ig,,,,,,0.00047991026,0.0010355859,30.113141379243796,8891.760154772574
compas,ann,ig,,,,,,0.49744055,0.44093463,127.9062692383093,2959.535202193177
compas,ann,ig,,,,,,0.03941232,0.26600963,152.28267747323127,1111.5602334929195
compas,ann,ig,,,,,,0.17800504,0.3567192,235.5237761073429,1901.2555174203092
compas,ann,ig,,,,,,0.6436874,0.60827255,358.099259110754,4098.058943848568
compas,ann,ig,,,,,,0.24751,0.11845089,457.08268608024537,1147.0773899442574
compas,ann,ig,,,,,,0.15909193,0.5822068,400.0218752074206,1635.0518051619977
compas,ann,ig,,,,,,0.5432042,0.4364331,735.5072335713047,86067.67699136736
compas,ann,ig,,,,,,0.668468,0.43437082,639.9761449408581,18336.78712001181
compas,ann,ig,,,,,,0.55071855,0.4647159,875.5373777273431,2733.1491794921644
compas,ann,ig,,,,,,0.06510151,0.08066846,433.6780823753507,858.2129358649129
compas,ann,ig,,,,,,0.40138295,0.48810878,204538.02395888735,184631.4575908893
compas,ann,ig,,,,,,0.1563934,0.37534952,126.53427606132735,986.2027674980105
compas,ann,ig,,,,,,0.20718732,0.29070133,55.17412048885813,1042.3395299506183
compas,ann,ig,,,,,,0.6405921,0.5966592,758.2136372797594,2403.5379537799627
compas,ann,ig,,,,,,0.22460951,0.30568522,481.7309738799514,5395.967392480876
compas,ann,ig,,,,,,0.011448292,0.06979503,75.90129879667163,741.5662752557264
compas,ann,ig,,,,,,0.4527262,0.519657,191.205835648361,2484.796385406727
compas,ann,ig,,,,,,0.3515561,0.61025155,102.1415244369347,2421.3710438997236
compas,ann,ig,,,,,,0.3742867,0.24201727,1258.0201064448406,36891.08224226398
compas,ann,ig,,,,,,0.57437205,0.6973361,57.607428822779006,1880.9460089254355
compas,ann,ig,,,,,,0.023709327,0.14496638,15.109952406839152,662.6777538501917
compas,ann,ig,,,,,,0.4311199,0.5466099,700901.9470791679,553754.7123988332
compas,ann,ig,,,,,,0.29134163,0.48739117,65.65827316538937,1356.6990990480517
compas,ann,ig,,,,,,0.6043135,0.33854854,30.95046759498304,2417.6353342954767
compas,ann,ig,,,,,,0.16168997,0.39227033,181.88476082456765,1015.0070893064917
compas,ann,ig,,,,,,0.210716,0.19549744,48933.208740984184,129278.65350589731
compas,ann,ig,,,,,,0.45360708,0.53585315,265.2129834282551,2157.3302103359033
compas,ann,ig,,,,,,0.38061762,0.59572357,61677.61459187079,723877.5582798375
compas,ann,ig,,,,,,0.7283791,0.5462721,378.4734968710917,2651.7144576054216
compas,ann,ig,,,,,,0.03351967,0.1923582,71.48451635125251,1327.0502190016625
compas,ann,ig,,,,,,0.49225923,0.23155583,617.3325414769171,1533.8451533024422
compas,ann,ig,,,,,,0.7787971,0.63254285,434.91316387284877,13804.509454880728
compas,ann,ig,,,,,,0.7756629,0.5023099,34.685461877300355,2168.677215266852
compas,ann,ig,,,,,,0.42888635,0.3552466,610.5216819186766,36354.53583056892
compas,ann,ig,,,,,,0.60017884,0.58764327,150.1472155340559,4711.475785349958
compas,ann,ig,,,,,,0.60385317,0.622206,263.60252292891965,2334.9558768304387
compas,ann,ig,,,,,,0.42744577,0.7028362,135.02380796063693,10780.567500454561
compas,ann,ig,,,,,,0.68061924,0.614767,690.935733086122,2356.29798352824
compas,ann,ig,,,,,,0.060939666,0.16476811,33.47346105445582,1132.3976418677917
compas,ann,ig,,,,,,0.056965638,0.08968734,38.65780224758992,860.8632279905953
compas,ann,ig,,,,,,0.08777716,0.0665595,89.6678326645368,935.5408951497311
compas,ann,ig,,,,,,0.68527347,0.53837866,265.3288661922512,4572.406581913704
compas,ann,ig,,,,,,0.5701351,0.4717389,945.7222344285783,2246.71680808684
compas,ann,ig,,,,,,0.74541694,0.5827008,296.00071313952657,3178.3701976485986
compas,ann,ig,,,,,,0.49842453,0.68370193,28713.51673174716,371290.81715870096
compas,ann,ig,,,,,,0.2720545,0.64074785,405062.24443839065,111772.36503430066
compas,ann,ig,,,,,,0.6292146,0.613776,963.9605735629124,6344.010493396784
compas,ann,ig,,,,,,0.44680873,0.52165496,108277.80274773092,427771.632238596
compas,ann,ig,,,,,,0.011798779,0.032351255,44.407431302354986,8681.778086049562
compas,ann,ig,,,,,,0.4679723,0.56372935,55.633049969283036,2126.219732764925
compas,ann,ig,,,,,,0.73453087,0.52260804,165.8965023606315,3187.7233463520706
compas,ann,ig,,,,,,0.83580256,0.48364902,24.50492846807505,18424.87978841958
compas,ann,ig,,,,,,0.4821999,0.25803626,515.5737191821523,3909.986964008215
compas,ann,ig,,,,,,0.3598754,0.32455584,77.79065970098485,1272.3301015568088
compas,ann,ig,,,,,,0.40929377,0.34552306,219.31791184120536,1630.6716257583753
compas,ann,ig,,,,,,0.0024732752,0.09339152,14.46161607117662,1152.7043505806325
compas,ann,ig,,,,,,0.57184803,0.7221213,56483.11755912096,357093.8475311166
compas,ann,ig,,,,,,0.84831816,0.63367915,26.975064606407212,1826.013371134358
compas,ann,ig,,,,,,0.6315527,0.7261141,80.72852993831945,1963.7410676200584
compas,ann,ig,,,,,,0.15879205,0.19864795,1307.8316257123367,98832.1272014988
compas,ann,ig,,,,,,0.2217469,0.18936498,97891.56623116495,65042.85461710381
compas,ann,ig,,,,,,0.124616444,0.36264443,37.130322083639896,5579.691010382413
compas,ann,ig,,,,,,0.11632614,0.24802132,17.971273337694065,3071.1128840834317
compas,ann,ig,,,,,,0.57466626,0.5513984,474.6653839510454,3805.299236333435
compas,ann,ig,,,,,,0.25214666,0.17455795,28287.00038376393,760943.373589952
compas,ann,ig,,,,,,0.22696985,0.33151364,25.977037895755544,13136.11053460834
compas,ann,ig,,,,,,0.4941955,0.45873645,1124.2975266240799,112277.56377767936
compas,ann,ig,,,,,,0.21881512,0.23711501,89.20735616116022,962.0450422689418
compas,ann,ig,,,,,,0.55747855,0.59859216,724868.0772033898,431290.12610816053
compas,ann,ig,,,,,,0.4459184,0.13966942,104868.70775712533,631372.1214130693
compas,ann,ig,,,,,,0.025755934,0.10611503,71.21251198826053,708.8465002229411
compas,ann,ig,,,,,,0.051244885,0.20745373,18.925334891464185,996.7999765157706
compas,ann,ig,,,,,,0.698715,0.76604867,85.72913206865806,2627.8873545978972
compas,ann,ig,,,,,,0.42715287,0.5115295,50276.11001172661,1582657.826433068
compas,ann,ig,,,,,,0.018786842,0.07828526,42.611619834075775,579.182673221159
compas,ann,ig,,,,,,0.51629376,0.4316154,845.3157427500045,45580.84428612668
compas,ann,ig,,,,,,0.025362188,0.093822226,27.24605160234834,793.3683399567703
compas,ann,ig,,,,,,0.5160552,0.4521834,186.00607156486655,4100.319005266089
compas,ann,ig,,,,,,0.55297756,0.42774832,102.95155753577205,1178.7179137684864
compas,ann,ig,,,,,,0.0054701446,0.031479545,40.15666318888621,9535.086980073062
compas,ann,ig,,,,,,0.5219972,0.63932025,30608.35061979105,370112.26664756297
compas,ann,ig,,,,,,0.5888813,0.44081154,645.2320913118024,2448.0666688032434
compas,ann,ig,,,,,,0.4610421,0.4060173,1326.2857204713832,19565.02835586673
compas,ann,ig,,,,,,0.43231037,0.29236862,135.29526254591389,105850.94120513344
compas,ann,ig,,,,,,0.4417337,0.35765192,397.1079057496051,2195.762678634776
compas,ann,ig,,,,,,0.71859026,0.6610007,218.8145966103977,2395.1852725272715
compas,ann,ig,,,,,,0.591207,0.49495015,522.7978151469192,27363.43185307092
compas,ann,ig,,,,,,0.75361466,0.6780598,43.21264784154748,2451.2574538045533
compas,ann,ig,,,,,,0.5007868,0.6183771,308.9601601757312,2708.9775986401028
compas,ann,ig,,,,,,0.5408586,0.33121344,947.1910727892991,1068590.0869635108
compas,ann,ig,,,,,,0.7071806,0.6084752,67.77781584003895,2689.5053987778556
compas,ann,ig,,,,,,0.25342095,0.5203496,608.0540441301044,7562.076701198087
compas,ann,ig,,,,,,0.7473496,0.5427296,436.5144763268195,3316.613891251912
compas,ann,ig,,,,,,0.029478842,0.12016555,113.25640490951636,752.4795776928912
compas,ann,ig,,,,,,0.059468567,0.10094297,244.35969887011126,855.1001353850806
compas,ann,ig,,,,,,0.8302635,0.7517299,78.62459762121402,116824.72688242586
compas,ann,ig,,,,,,0.4492165,0.49129823,263215.10369128437,4176776.705760301
compas,ann,ig,,,,,,0.12015872,0.40974972,475.4324328807083,2074.6969639790973
compas,ann,ig,,,,,,0.3551051,0.40116137,243.59847065971707,2412.599103250691
compas,ann,ig,,,,,,0.6542945,0.65601647,28281.52637023526,110950.47320278504
compas,ann,ig,,,,,,0.70109403,0.6404946,1123.0195901715251,1810.3302377414097
compas,ann,ig,,,,,,0.7551692,0.6954108,192.42145932007688,11719.413136098112
compas,ann,ig,,,,,,0.6058293,0.38271624,1240.4702875793778,187891.8515403044
compas,ann,ig,,,,,,0.3649007,0.22875513,51.10557017867556,1859.0437329610404
compas,ann,ig,,,,,,0.34758985,0.54297936,758136.5377146649,3539718.393286235
compas,ann,ig,,,,,,0.53027004,0.4601242,2357.8835217853593,612.8498917582185
compas,ann,ig,,,,,,0.82916987,0.55099,33.94191197041734,1500.3206538922545
compas,ann,ig,,,,,,0.37863952,0.48458812,1749.328729997748,488553.1778168542
compas,ann,ig,,,,,,0.39129552,0.53666866,987102.2065349662,265520.7131462285
compas,ann,ig,,,,,,0.63106495,0.54385877,459.5311476810403,2104.2931822961436
compas,ann,ig,,,,,,0.021860272,0.19739027,13.246029972619253,784.8084306992995
compas,ann,ig,,,,,,0.35565534,0.52452826,73613.10589527943,70920.589380811
compas,ann,ig,,,,,,0.10129732,0.32381198,50.67737344169374,1050.815404401607
compas,ann,ig,,,,,,0.4562439,0.61422116,27780.481656663225,667772.6100948008
compas,ann,ig,,,,,,0.53925544,0.61041284,115685.36040905777,3437363.780833549
compas,ann,ig,,,,,,0.13917531,0.26459724,32.33788872254026,10620.557430106743
compas,ann,ig,,,,,,0.55324215,0.6085421,127.76585478003398,8002.30606753118
compas,ann,ig,,,,,,0.043017764,0.123796225,47.86389589546812,1123.5349011753171
compas,ann,ig,,,,,,0.003565251,0.01809951,4.397252664375969,787.5039314999369
compas,ann,ig,,,,,,0.0062970114,0.02542652,8.889787421950478,6915.702771545165
compas,ann,ig,,,,,,0.61130923,0.39902914,232.26710480982481,302246.8577886741
compas,ann,ig,,,,,,0.69078124,0.6188312,32.565030849284234,1849.5443181334122
compas,ann,ig,,,,,,0.40355307,0.50259984,90.56899256167567,1684.0748459266567
compas,ann,ig,,,,,,0.09974791,0.25667936,13.612122360227445,782.3299765643566
compas,ann,ig,,,,,,0.12121126,0.2630917,456.2477609430469,1694.7906482452784
compas,ann,ig,,,,,,0.48849937,0.4205467,2374.853696510718,3209.989224248329
compas,ann,ig,,,,,,0.0085524535,0.07078306,11.627827159628854,540.5244154457971
compas,ann,ig,,,,,,0.4559915,0.57891697,480.60948621139283,2696.3054249388574
compas,ann,ig,,,,,,0.27487642,0.69068563,258102.87868284172,316194.7715001304
compas,ann,ig,,,,,,0.5352018,0.4987414,269.72795145509076,7291.676417285174
compas,ann,ig,,,,,,0.7429697,0.41731074,954.160295059885,2676.5775223648093
compas,ann,ig,,,,,,0.5143405,0.44664815,63214.02191115534,66433.18729447928
compas,ann,ig,,,,,,0.5320653,0.525105,193.32883936147417,3208.201221328437
compas,ann,ig,,,,,,0.45374984,0.63785,848870.4195719751,95457.27936652124
compas,ann,ig,,,,,,0.050163962,0.036183275,150.4025664229942,626.3411574303258
compas,ann,ig,,,,,,0.438608,0.45758146,206.65777815544706,1660.586601847818
compas,ann,ig,,,,,,0.24158081,0.11637939,491.22744179810576,22562.340840626377
compas,ann,ig,,,,,,0.65759194,0.6556872,188.14086988310945,2782.5928477820185
compas,ann,ig,,,,,,0.04947551,0.16071817,76.2599187588641,870.7315673892376
compas,ann,ig,,,,,,0.011297432,0.109488115,15.709811404351377,1727.1975404782534
compas,ann,ig,,,,,,0.355198,0.30969286,1087533.1180775221,517920.1950415903
compas,ann,ig,,,,,,0.43614557,0.45628563,177771.25560480697,65106.1286578722
compas,ann,ig,,,,,,0.6928434,0.5886135,740.2070045567247,5910.4803770597655
compas,ann,ig,,,,,,0.3759238,0.5592021,107661.14230674607,436550.1294917135
compas,ann,ig,,,,,,0.76632744,0.61207813,187.02595104575215,1802444.753464903
compas,ann,ig,,,,,,0.062274776,0.11024189,10.050769186200528,553.8280627385147
compas,ann,ig,,,,,,0.059314944,0.15909185,78.46859991624524,738.6466435474186
compas,ann,ig,,,,,,0.6046078,0.45426634,1025.7137563300964,18841.771794004344
compas,ann,ig,,,,,,0.019781614,0.38092154,352.9153473335542,750.0233511802376
compas,ann,ig,,,,,,0.55395854,0.4269047,605.4879215569343,1107916.5129624298
compas,ann,ig,,,,,,0.001977382,0.025123922,17.140361231172513,1832.4192332197313
compas,ann,ig,,,,,,0.01205756,0.022300297,46.01854396458268,520.6555103416711
compas,ann,ig,,,,,,0.03667416,0.056953594,322.13519521939634,30365.628242538176
compas,ann,ig,,,,,,0.09583327,0.2782059,14.557224076223337,1327.341318917048
compas,ann,ig,,,,,,0.5714605,0.6940447,117.90059389210288,2323.1511981672807
compas,ann,ig,,,,,,0.49549028,0.4816017,847.5200154377366,68081.6477060057
compas,ann,ig,,,,,,0.009381407,0.07569134,18.68984258013442,630.2767389760966
compas,ann,ig,,,,,,0.40861678,0.6789163,71.03147015523294,4757.940475383266
compas,ann,ig,,,,,,0.78040606,0.5769155,638.4041578077017,13100.039727824684
compas,ann,ig,,,,,,0.7053442,0.5167315,3805.270578017604,16573.23659260201
compas,ann,ig,,,,,,0.62495136,0.5818289,338.8773032664701,2726.2223475202095
compas,ann,ig,,,,,,0.5919384,0.6073493,54.400313851580236,2889.159816009337
compas,ann,ig,,,,,,0.51919365,0.4482109,149.49489647447353,2488.8753805616634
compas,ann,ig,,,,,,0.56498694,0.64768255,47183.821810829926,395842.26299448387
compas,ann,ig,,,,,,0.6093885,0.60686314,412.8892736787105,3040.3337085680655
compas,ann,ig,,,,,,0.012545761,0.049170133,122.72427613122484,691.8294230183582
compas,ann,ig,,,,,,0.45273304,0.4962754,26.703258540748966,1131.544427968336
compas,ann,ig,,,,,,0.4143989,0.5363041,781263.2344233757,822646.9395060786
compas,ann,ig,,,,,,0.050692704,0.288855,25.701951378120867,3011.607100175441
compas,ann,ig,,,,,,0.80479085,0.5306514,765.5061256786194,1423.4074329520085
compas,ann,ig,,,,,,0.5511661,0.6834156,57.3439613735063,2021.9233031100318
compas,ann,ig,,,,,,0.11801052,0.25235638,154.93375571966988,1678.8519471966956
compas,ann,ig,,,,,,0.4500919,0.4589953,117775.61150193005,321268.4773255309
compas,ann,ig,,,,,,0.60133386,0.66671765,643074.1316354533,167138.75587789013
compas,ann,ig,,,,,,0.46796086,0.20417967,692.7265978534235,13320.951656168287
compas,ann,ig,,,,,,0.061801095,0.12653518,381.3001666997134,33960.13925898038
compas,ann,ig,,,,,,0.30631372,0.38883418,157.913729629727,31739.091885230293
compas,ann,ig,,,,,,0.4252299,0.62095934,1473393.270568138,858459.6447654961
compas,ann,ig,,,,,,0.7183127,0.6596115,589.7339510895317,3653.390817036748
compas,ann,ig,,,,,,0.8431085,0.4195903,189.8902819150062,3358.051527808982
compas,ann,ig,,,,,,0.0002859922,0.0010868656,3.806785529744714,14407.539830063712
compas,ann,ig,,,,,,0.01636312,0.16688663,29.95725296592438,8652.571467034732
compas,ann,ig,,,,,,0.5185072,0.35210645,1181.6214381983702,22590.76581060338
compas,ann,ig,,,,,,0.7828891,0.61103016,227.38519163739568,2031.5396745679138
compas,ann,ig,,,,,,0.65827346,0.5965425,71.80708700964657,2760.925926660483
compas,ann,ig,,,,,,0.039478783,0.06028518,75.93421844376837,670.7237458553324
compas,ann,ig,,,,,,0.5298339,0.55399036,222.87398486641231,4411.217060803597
compas,ann,ig,,,,,,0.64559525,0.46277368,192.279944873086,1820.0914442038793
compas,ann,ig,,,,,,0.61124134,0.46649286,176.4078033660944,31304.528024254956
compas,ann,ig,,,,,,0.5748079,0.4158533,264.3007123521042,69857.6393236695
compas,ann,ig,,,,,,0.5977826,0.49045327,462.45354985316527,40003.36656456261
compas,ann,ig,,,,,,0.0040457733,0.068384156,44.53466518826738,507.30489393299604
compas,ann,ig,,,,,,0.75310355,0.4298823,465.535019498858,2985.3596959615284
compas,ann,ig,,,,,,0.20467457,0.08219447,71.59012768356091,1179.3304882596312
compas,ann,ig,,,,,,0.54852223,0.62796295,27694.885500835335,27248.641508912566
compas,ann,ig,,,,,,0.14221612,0.16518533,305.11258988268435,1100.2217133848114
compas,ann,ig,,,,,,0.005243245,0.08368566,87.15321905835778,955.530164357905
compas,ann,ig,,,,,,0.72898686,0.65149146,59.92872113327505,2779.653994960792
compas,ann,ig,,,,,,0.4072664,0.35753325,303392.4240601579,407845.49019391334
compas,ann,ig,,,,,,0.39507747,0.41713026,12405.485073535567,2135540.6740258588
compas,ann,ig,,,,,,0.0029778646,0.0059489543,6.065680584051983,3698.0779571202206
compas,ann,ig,,,,,,0.6513533,0.24310187,169.26703245593424,1430.098719829681
compas,ann,ig,,,,,,0.8913428,0.45656446,67.0978091431223,4678.762070766032
compas,ann,ig,,,,,,0.06121161,0.05378317,57.15751190092846,5962.460476392604
compas,ann,ig,,,,,,0.003821045,0.027653169,4.569353028111256,1051.6522746598437
compas,ann,ig,,,,,,0.2601345,0.4395882,734.7521253651761,2080.683262369728
compas,ann,ig,,,,,,0.10079668,0.20309111,39.71788394729563,1041.8051506104457
compas,ann,ig,,,,,,0.6046252,0.36919197,1210.9050725493214,22522.571449778174
compas,ann,ig,,,,,,0.51300246,0.57595724,198714.13420989036,521666.7157066795
compas,ann,ig,,,,,,0.74938744,0.40037867,601.1953277836776,592.1477551592442
compas,ann,ig,,,,,,0.015127485,0.06622883,20.441568440324332,516.7588572516806
compas,ann,ig,,,,,,0.66243446,0.7934006,35.045533546636214,2369.8584976964175
compas,ann,ig,,,,,,0.003002348,0.010226446,13.337521877722798,1395.1144748533648
compas,ann,ig,,,,,,0.10961133,0.22599468,242.05602289568324,1364.245858372775
compas,ann,ig,,,,,,0.06355285,0.23485652,184.12765254472097,1859.0851414367157
compas,ann,ig,,,,,,0.44683337,0.57321143,220.42942957714914,13741.075467893654
compas,ann,ig,,,,,,0.45019042,0.47836137,983.1955364564283,1508.9741026542026
compas,ann,ig,,,,,,0.088159576,0.1679137,90.83752460542765,1508.8923497126038
compas,ann,ig,,,,,,0.4242071,0.2838226,796.1618593578926,31619.166583770464
compas,ann,ig,,,,,,0.7045817,0.46662098,251.26832587702737,13742.314979801564
compas,ann,ig,,,,,,0.33597434,0.1911171,318.4130476711886,1298.0579508022759
compas,ann,ig,,,,,,0.13472095,0.2218194,363.88366060787763,252160.53908429618
compas,ann,ig,,,,,,0.17960379,0.25414544,269.8449826875085,2586.436734684104
compas,ann,ig,,,,,,0.74481916,0.59108514,858.0461236029009,2422.6493103745256
compas,ann,ig,,,,,,0.41599017,0.36653513,37.60418509410382,3923.11010562412
compas,ann,ig,,,,,,0.40809804,0.24418227,1057.3444813589883,2558.102931530096
compas,ann,ig,,,,,,0.5306019,0.415672,92.8396938599171,1579.7238231522956
compas,ann,ig,,,,,,0.4119885,0.34645283,1213.7371299857462,28444.018453423218
compas,ann,ig,,,,,,0.015197808,0.07991719,41.62256306599943,448.18937505873777
compas,ann,ig,,,,,,0.49562848,0.38127214,443.7529304629639,8738.741971106614
compas,ann,ig,,,,,,0.41545552,0.47977144,205369.19687090052,108159.017741453
compas,ann,ig,,,,,,0.15985972,0.25909972,119.12998481447796,930.0013851384915
compas,ann,ig,,,,,,0.14860854,0.17533118,16.621238843894442,971.5453701391615
compas,ann,ig,,,,,,0.030125262,0.16659196,104.85642089521102,1178.2725228662935
compas,ann,ig,,,,,,0.34312546,0.24248017,1768.364041543186,397098.01815725456
compas,ann,ig,,,,,,0.31654572,0.35256085,207.6672375869415,2855.1797872226934
compas,ann,ig,,,,,,0.7911362,0.55634266,77.4562524371213,11870.339326774438
compas,ann,ig,,,,,,0.57328576,0.5916198,59753.73806461293,201485.06439002094
compas,ann,ig,,,,,,0.023336507,0.14396915,126.79547394394139,1261.6809030279398
compas,ann,ig,,,,,,0.27563822,0.36686772,60.663248462994034,1642.8033615047127
compas,ann,ig,,,,,,0.80348766,0.6495408,91.52003197021243,3898.4461364519084
compas,ann,ig,,,,,,0.015187015,0.03404868,107.57973466499323,3126.7902173872844
compas,ann,ig,,,,,,0.72013265,0.5662475,518.297011709331,2033.4250574428256
compas,ann,ig,,,,,,0.6024128,0.73506063,181178.27033331757,327143.8047967567
compas,ann,ig,,,,,,0.37037915,0.5681079,195.49546345372244,2378.2146094685977
compas,ann,ig,,,,,,0.005384117,0.02656244,6.488948709829857,1549.4432713428162
compas,ann,ig,,,,,,0.0744239,0.15625876,485.8029350104617,1423.3588283279973
compas,ann,ig,,,,,,0.0040277834,0.06498278,14.891748335430476,28256.920760788296
compas,ann,ig,,,,,,0.052219257,0.4254271,170.6517875762508,1645.278719387033
compas,ann,ig,,,,,,0.72824204,0.6224802,135.22540234605668,4281.248459251592
compas,ann,ig,,,,,,0.42859295,0.3954691,936.137770318847,3108.396034596656
compas,ann,ig,,,,,,0.7278671,0.5998236,107.14889018147642,6402.3024938968265
compas,ann,ig,,,,,,0.35078275,0.5198159,203480.07612351014,2338237.6826801333
compas,ann,ig,,,,,,0.042659767,0.04712324,234.31339012843773,808.6027898299614
compas,ann,ig,,,,,,0.33833244,0.16162871,228.1220490842428,1148.1174371321833
compas,ann,ig,,,,,,0.36088645,0.16648448,313.5830009950518,2313.098907305398
compas,ann,ig,,,,,,0.50570804,0.5788023,44.69237981945699,2432.9838869971686
compas,ann,ig,,,,,,0.06593265,0.09384283,204.58769884881113,1023.2747152463052
compas,ann,ig,,,,,,0.21818708,0.14784536,29.921273050712458,913.5856382588859
compas,ann,ig,,,,,,0.40425146,0.6095364,22014.131904327034,2330595.7873655325
compas,ann,ig,,,,,,0.014604127,0.09288635,8.959496819007134,592.0349473776913
compas,ann,ig,,,,,,0.7764083,0.6603498,55.768476289536906,2809.529197177631
compas,ann,ig,,,,,,0.27815744,0.22147481,187.20103073857825,918.9270259197581
compas,ann,ig,,,,,,0.5056941,0.2921245,537.5801832966889,26113.1416208236
compas,ann,ig,,,,,,0.7185778,0.68297416,114042.08979133348,764311.8010075683
compas,ann,ig,,,,,,0.16347252,0.1898659,209.5991889779123,3311.3491964897726
compas,ann,ig,,,,,,0.24566585,0.2597097,131490.60205982445,22611.512229720887
compas,ann,ig,,,,,,0.49642417,0.30551293,2363.8209678293483,21984.437837449415
compas,ann,ig,,,,,,0.74895656,0.67983174,280.7202635525465,26015.08817601216
compas,ann,ig,,,,,,0.1716207,0.07767405,1093.2678929453198,48107.871265075024
compas,ann,ig,,,,,,0.017135287,0.15778336,12.82004882355777,592.6734103127591
compas,ann,ig,,,,,,0.18586321,0.17540729,1150.3313781909558,113272.3908026503
compas,ann,ig,,,,,,0.4278698,0.14952964,591.1343312285762,241508.03420272894
compas,ann,ig,,,,,,0.513279,0.34409016,1272.8585020837286,23535.882019338795
compas,ann,ig,,,,,,0.64053,0.5412661,1021.2585495523975,4263.606164195218
compas,ann,ig,,,,,,0.07020578,0.16076244,18.835425273543763,855.8535882172358
compas,ann,ig,,,,,,0.6350511,0.3843864,511.87487253729824,2127.6605339880157
compas,ann,ig,,,,,,0.014974904,0.21232517,23.846168927185666,1205.7845557660783
compas,ann,ig,,,,,,0.04019823,0.043983117,524.0250773396566,79067.09442662493
compas,ann,ig,,,,,,0.15337059,0.14347439,21.176797756214242,824.5806616071803
compas,ann,ig,,,,,,0.055058304,0.11307899,48.72595988212082,867.598869861892
compas,ann,ig,,,,,,0.4178049,0.52918357,4516.121637262076,13577864.761010354
compas,ann,ig,,,,,,0.12007958,0.23114473,1193537.7351639958,172368.10366121563
compas,ann,ig,,,,,,0.7915545,0.6466948,745.2036149341997,22594.849188033284
compas,ann,ig,,,,,,0.6258341,0.41592014,246.68615251223284,20324.69873682241
compas,ann,ig,,,,,,0.00081808167,0.013425105,5.331540782029293,7032.4632223624785
compas,ann,ig,,,,,,0.483679,0.44203106,45.76388423390667,2791.6207091585943
compas,ann,ig,,,,,,0.6338198,0.6353705,33.283310352726275,2070.282992686798
compas,ann,ig,,,,,,0.5286903,0.2669366,699.7477913271312,4165.360382187526
compas,ann,ig,,,,,,0.4184628,0.5412008,37480.04598493614,308831.39222263376
compas,ann,ig,,,,,,0.047141314,0.04997866,459.47691423527,4089.453957660823
compas,ann,ig,,,,,,0.6788775,0.54583746,593.0476052857074,32728.02905461425
compas,ann,ig,,,,,,0.0038299758,0.0148337055,42.21172507042887,31969.754417065964
compas,ann,ig,,,,,,0.0056300415,0.08694749,62.159059292743784,1208.7773075940102
compas,ann,ig,,,,,,0.41958752,0.5136511,72546.61625923617,4110098.5672307927
compas,ann,ig,,,,,,0.029165901,0.036133043,58.921171052592484,2369.619105919308
compas,ann,ig,,,,,,0.50916106,0.4356886,2065.050125829432,53323.820610848925
compas,ann,ig,,,,,,0.7802861,0.59192586,857.6245057606662,1093.9887632489636
compas,ann,ig,,,,,,0.8488295,0.7319236,223.9839899470269,2067.022623000353
compas,ann,ig,,,,,,0.015987892,0.0379612,326.410176028636,1381.6837100739908
compas,ann,ig,,,,,,0.5052265,0.29779863,480.9979115184786,6451.493184879408
compas,ann,ig,,,,,,0.55436265,0.6359595,42.91054868326165,2720.5054826641863
compas,ann,ig,,,,,,0.3172062,0.6274176,432495.0896351981,175280.64050541422
compas,ann,ig,,,,,,0.01677789,0.12763582,12.241959124226632,524.6230460943441
compas,ann,ig,,,,,,0.24226914,0.322814,138.47429786282555,852.1242048705004
compas,ann,ig,,,,,,0.32844067,0.6635399,63474.82705837712,2164427.9851013203
compas,ann,ig,,,,,,0.06308752,0.2495742,173.18463945898694,1359.5285279617128
compas,ann,ig,,,,,,0.20375898,0.42723635,49.03172858574298,2776.786447958194
compas,ann,ig,,,,,,0.26485395,0.26727203,92.84162565135533,1067.3883209505136
compas,ann,ig,,,,,,0.050811503,0.07137691,113.44101348464675,4570.503321252193
compas,ann,ig,,,,,,0.733956,0.48565438,1013.5564589165498,766341.2004025358
compas,ann,ig,,,,,,0.17354243,0.18255143,708.8778860307814,295793.0548194678
compas,ann,ig,,,,,,0.47155467,0.37171155,22.899128652436033,1620.3562271953708
compas,ann,ig,,,,,,0.29046205,0.4251329,1516958.4484046455,128804.29956933614
compas,ann,ig,,,,,,0.6057653,0.356885,1592.7016615336042,81117.8424473805
compas,ann,ig,,,,,,0.57177675,0.3284531,51633.28645373949,199517.50421475864
compas,ann,ig,,,,,,0.37228948,0.19470581,264.59716628341477,1178.3077101639617
compas,ann,ig,,,,,,0.42815432,0.46357778,1934.5084120532495,100449.51722196912
compas,ann,ig,,,,,,0.7425424,0.32932618,1317.725019983971,724.445785926858
compas,ann,ig,,,,,,0.287613,0.5126676,38.637255493796914,1813.6568063448963
compas,ann,ig,,,,,,0.070285834,0.013370449,456748.3554792527,25092.982086491444
compas,ann,ig,,,,,,0.019369861,0.058799632,24.393843417240827,10083.993039391236
compas,ann,ig,,,,,,6.936494e-05,0.0008501011,3.6616163484129647,32992.20759201605
compas,ann,ig,,,,,,0.13089329,0.10980913,121.99266438898867,702137.5696297827
compas,ann,ig,,,,,,0.33644626,0.40633103,847.8634648458207,62356.56122205002
compas,ann,ig,,,,,,0.45099527,0.5716157,1518476.8685790158,178217.93816405968
compas,ann,ig,,,,,,0.5499748,0.6363966,18972.419552406518,963451.6077248628
compas,ann,ig,,,,,,0.039973896,0.06492945,157.39328508532694,644.4458572265537
compas,ann,ig,,,,,,0.5308666,0.51419866,123626.35562739307,383838.5799993593
compas,ann,ig,,,,,,0.57648474,0.52593905,207.5949462713759,3190.7031069552186
compas,ann,ig,,,,,,0.7092998,0.4041602,722.8199255051682,97281.87347279758
compas,ann,ig,,,,,,0.043948255,0.26722512,27.96226939318631,946.354263613373
compas,ann,ig,,,,,,0.0036000959,0.029570969,35.40910002660497,1121.6419093109462
compas,ann,ig,,,,,,0.35849032,0.47906047,1447.3972423613918,709.668573053871
compas,ann,ig,,,,,,0.68366396,0.49973598,521.6949642546102,2790.914013448459
compas,ann,ig,,,,,,0.5914017,0.5061226,306.76391525614537,74859.35149212684
compas,ann,ig,,,,,,0.32417858,0.13224667,1618.9967578500477,47421.50128570947
compas,ann,ig,,,,,,0.004939019,0.035794225,42.67524236421832,1393.1403323418092
compas,ann,ig,,,,,,0.5708823,0.4589203,196.87389796410372,10322.399411305434
compas,ann,ig,,,,,,0.49766874,0.44320613,1174.537166397826,162679.52657313578
compas,ann,ig,,,,,,0.6601208,0.4820472,701.4064062666397,72118.1183547374
compas,ann,ig,,,,,,0.6214543,0.6384742,200.1486026018788,2242.1627833374814
compas,ann,ig,,,,,,0.0056094737,0.02039996,85.7252202619286,1753.0639467607823
compas,ann,ig,,,,,,0.09987323,0.2515772,25.068881949620014,1172.9928816838842
compas,ann,ig,,,,,,0.649631,0.5586293,38552.32776047314,560576.7785534445
compas,ann,ig,,,,,,0.68195105,0.6897688,601.8047678294015,2492.2749276169493
compas,ann,ig,,,,,,0.042076,0.2210291,147.83795332528328,1514.9172125322955
compas,ann,ig,,,,,,0.6945987,0.6693179,303.33033475323134,3194.252451753553
compas,ann,ig,,,,,,0.002864689,0.006596231,30.602677312951855,4451.418475869299
compas,ann,ig,,,,,,0.09960552,0.14074701,24.225903273510585,5475.986855609173
compas,ann,ig,,,,,,0.10908882,0.11289186,464.6257732826699,1165.8640930320641
compas,ann,ig,,,,,,0.0054509495,0.015686655,38.380178746899055,5202.615525426073
compas,ann,ig,,,,,,0.43685496,0.5632558,753.804903347888,16286.90957701639
compas,ann,ig,,,,,,0.70311916,0.53487355,964.1695816022894,46423.24377872713
compas,ann,ig,,,,,,0.2620533,0.43092418,202.01185100271294,3060.5727130520504
compas,ann,ig,,,,,,0.47916022,0.29385278,537.2556489060951,35192.603226641426
compas,ann,ig,,,,,,0.53977716,0.64809257,29508.778302349183,62448.53359403896
compas,ann,ig,,,,,,0.46119463,0.23302795,47.14299533830081,19415.888661796605
compas,ann,ig,,,,,,0.7172863,0.55664897,265.9146889203624,2403.3338032892343
compas,ann,ig,,,,,,0.040770505,0.13288033,51.27050111899439,842.1304827202653
compas,ann,ig,,,,,,0.5848732,0.4721359,201.83525864514328,2386.3650604989484
compas,ann,ig,,,,,,0.18013251,0.095473334,333.52639757406695,4368.885345871304
compas,ann,ig,,,,,,0.2330519,0.28158072,40594.61393762414,16718.575806983812
compas,ann,ig,,,,,,0.003994708,0.0180932,18.52595610970206,1029.0301452779672
compas,ann,ig,,,,,,0.37263837,0.47856906,158149.49350423837,332835.19890276477
compas,ann,ig,,,,,,0.20597354,0.1253375,511.5153531619705,82283.60591317178
compas,ann,ig,,,,,,0.06970994,0.13551691,487.4445849482152,7315.005098707391
compas,ann,ig,,,,,,0.62505007,0.42053932,854.5745669761222,98094.64841725543
compas,ann,ig,,,,,,0.9308035,0.5321025,21.40838625589156,1388.7112422328594
compas,ann,ig,,,,,,0.59667605,0.5963672,35.87093372286079,1919.6391668249096
compas,ann,ig,,,,,,0.37214428,0.30724156,78.8048391141337,1733.184147313459
compas,ann,ig,,,,,,0.37852663,0.5402472,352833.6309904853,314482.1297395983
compas,ann,ig,,,,,,0.5026174,0.42020565,961.4984060891361,1368.253238934148
compas,ann,ig,,,,,,0.5725687,0.34499723,49816.06864515809,12667724.686826706
compas,ann,ig,,,,,,0.6197872,0.43041784,32.411846236105035,1363.6134549223423
compas,ann,ig,,,,,,0.6773193,0.4215441,431.6226058098875,31070.161151100194
compas,ann,ig,,,,,,0.47327936,0.36064926,1924356.84625066,80438.25588310332
compas,ann,ig,,,,,,0.6683879,0.49315184,816.2215187648767,22899.86388468694
compas,ann,ig,,,,,,0.16513255,0.2586137,39.60840706981273,1215.2988649932047
compas,ann,ig,,,,,,0.35588172,0.58793354,119605.75670271662,310779.0355315798
compas,ann,ig,,,,,,0.20961261,0.19131368,313485.28974911565,1100789.3533918501
compas,ann,ig,,,,,,0.5108642,0.35286334,1036.5240663120587,37914.694750557785
compas,ann,ig,,,,,,0.4963824,0.4260028,2477020.916572403,977869.0198921151
compas,ann,ig,,,,,,0.55492604,0.8138489,25355.13061779395,51917.2772308416
compas,ann,ig,,,,,,0.01564468,0.047638416,56.96605973897938,1417.4076770360355
compas,ann,ig,,,,,,0.492104,0.5722239,41.19495049515513,2010.6364485250176
compas,ann,ig,,,,,,0.5431805,0.18592718,603.272198357706,8043.195071960721
compas,ann,ig,,,,,,0.18955798,0.31636742,1201.25702516089,29018.593084547836
compas,ann,ig,,,,,,0.53951526,0.5559795,100.9210954164975,20888.220401108767
compas,ann,ig,,,,,,0.1997602,0.32002577,390.5614346055506,4430.023563047669
compas,ann,ig,,,,,,0.29014802,0.63936365,3027607.9787355037,152363.66808423595
compas,ann,ig,,,,,,0.7354984,0.3621921,364.5994248931835,366.33611241220575
compas,ann,ig,,,,,,0.7776077,0.6664778,73.4399347353721,2470.6843414428354
compas,ann,ig,,,,,,0.46349487,0.48920155,551784.8874794256,139659.01928988707
compas,ann,ig,,,,,,0.56850415,0.63172585,112061.76926583127,94333.07745352192
compas,ann,ig,,,,,,0.22286555,0.21694475,194446.7918818172,765551.9572112438
compas,ann,ig,,,,,,0.009611392,0.028268088,18.94845178970774,751.5746190780025
compas,ann,ig,,,,,,0.09107584,0.24465865,16.932144576277903,1321.0307714933672
compas,ann,ig,,,,,,0.1370514,0.06346548,944.4295503223991,49651.53019729307
compas,ann,ig,,,,,,0.0099904565,0.13315023,9.967137304881934,1857.3649824037657
compas,ann,ig,,,,,,0.41294298,0.39079875,392.8253722537428,6647.983517756911
compas,ann,ig,,,,,,0.4458906,0.4695726,1948.8878828697193,746902.2654940299
compas,ann,ig,,,,,,0.43886444,0.5021167,110349.19267248322,3566309.0170829208
compas,ann,ig,,,,,,0.054841563,0.15595344,130.705163000057,2034.4637284284393
compas,ann,ig,,,,,,0.6056212,0.43613434,507.84964144107613,3805.826283752514
compas,ann,ig,,,,,,0.02478214,0.029253209,26.314048299788563,563.7580351179333
compas,ann,ig,,,,,,0.023974871,0.0954615,127.08969319255489,1376.816624666869
compas,ann,ig,,,,,,0.515496,0.4319012,2449.6948289693755,20264.117001169903
compas,ann,ig,,,,,,0.7285522,0.7131362,356.7200214002235,4239.098932689927
compas,ann,ig,,,,,,0.6300174,0.5147308,456.3543209197858,5172.147699281348
compas,ann,ig,,,,,,0.7050693,0.5474024,652.172301522259,27561.788114060095
compas,ann,ig,,,,,,0.20741123,0.50162554,342.0986463398954,860.562571051138
compas,ann,ig,,,,,,0.51500565,0.42486453,134.33115464051122,24239.232658791007
compas,ann,ig,,,,,,0.6589184,0.41115278,931.7236870277992,1733.0447165004598
compas,ann,ig,,,,,,0.57787645,0.6180973,135.3073267746687,11374.22717738761
compas,ann,ig,,,,,,0.532523,0.54620653,322.1579137215461,2133.954490599079
compas,ann,ig,,,,,,0.7366054,0.657588,406.0252275783957,5795.960089726846
compas,ann,ig,,,,,,0.025851144,0.17089991,60.347010371088075,2428.7577628862605
compas,ann,ig,,,,,,0.4053334,0.37719923,335.12638823917644,1253.5881744839282
compas,ann,ig,,,,,,0.6078428,0.30930015,240.07435308151696,2513.0501932562925
compas,ann,ig,,,,,,0.6073808,0.3933059,446.9353093095941,1743.1253386148949
compas,ann,ig,,,,,,0.21151903,0.32736722,494955.5818573264,43662.24716593181
compas,ann,ig,,,,,,0.08993377,0.08968893,1716.14217779185,34954.00077183867
compas,ann,ig,,,,,,0.2914902,0.41469985,348.06546296489626,1783.74050313318
compas,ann,ig,,,,,,0.59570205,0.50053275,770.4882582898367,18708.382396295638
compas,ann,ig,,,,,,0.4871283,0.44295284,726.295522887664,28742.90197096761
compas,ann,ig,,,,,,0.021834645,0.27045524,175.75847629366163,789.6046114356062
compas,ann,ig,,,,,,0.4158858,0.41093367,557.4100442931526,2659.3044013533317
compas,ann,ig,,,,,,0.29261535,0.46698028,755.3984910170576,26777.427474437616
compas,ann,ig,,,,,,0.015366917,0.15808886,20.59320218228247,35065.1599128115
compas,ann,ig,,,,,,0.014436306,0.08992777,6.671183746921225,536.527693090519
compas,ann,ig,,,,,,0.69298196,0.6370014,75592.75108156336,105552.4712211793
compas,ann,ig,,,,,,0.84680593,0.40701777,283.2303948720726,1079889.8658480512
compas,ann,ig,,,,,,0.23573251,0.116245404,341.077008739771,13049.289025210153
compas,ann,ig,,,,,,0.3028956,0.22829527,554.964442264573,1499.7092981541361
compas,ann,ig,,,,,,0.7741033,0.6444,45.85592501953092,2442.5731792328174
compas,ann,ig,,,,,,0.4346336,0.41324195,1147337.4441838544,243639.86294871406
compas,ann,ig,,,,,,0.020446086,0.030603936,149.5335367432205,749.8607438755865
compas,ann,ig,,,,,,0.13341883,0.12513447,235640.23593343902,104454.60507135693
compas,ann,ig,,,,,,0.028020484,0.094478324,14.418568477030371,1260.679195635526
compas,ann,ig,,,,,,0.4948595,0.45581988,574.308034281279,20675.738668311962
compas,ann,ig,,,,,,0.09557629,0.26821065,704.8603750517326,3671.257324359576
compas,ann,ig,,,,,,0.27754936,0.10889605,216.59436590544033,1035.055673875663
compas,ann,ig,,,,,,0.5037521,0.45547757,556.3366492932697,32380.043233499957
compas,ann,ig,,,,,,0.6839505,0.5062435,291.51701905021423,2018.77419000683
compas,ann,ig,,,,,,0.46571785,0.48493814,1093758.0347339537,1888630.2627284138
compas,ann,ig,,,,,,0.26008886,0.15985265,741.0332723516905,32288.32358701442
compas,ann,ig,,,,,,0.16267407,0.34467208,804.7726629553791,1767.9744587076843
compas,ann,ig,,,,,,0.002181403,0.014191601,23.685112987516483,1015.0404494208798
compas,ann,ig,,,,,,0.5277697,0.27645242,1401.319170682155,2384.0757263924447
compas,ann,ig,,,,,,0.5105637,0.41837806,463.61555392831485,20681.94945602775
compas,ann,ig,,,,,,0.60805726,0.6304039,92.33442330969422,154681.08901673608
compas,ann,ig,,,,,,0.091581106,0.27091244,52.018506478386406,1576.7780772946178
compas,ann,ig,,,,,,0.72914875,0.31602702,518.4976733581299,6061.039815262368
compas,ann,ig,,,,,,0.019187331,0.16923052,33.84513910565761,848.6713745875984
compas,ann,ig,,,,,,0.4854318,0.2802703,155.84981215548265,1446.3390294153794
compas,ann,ig,,,,,,0.8471276,0.5745636,34.898720649580525,1771.106052517724
compas,ann,ig,,,,,,0.5232336,0.60797065,195948.71095808703,911421.1920369702
compas,ann,ig,,,,,,0.026133008,0.06488368,109.40956128127796,1268.6716733363628
compas,ann,ig,,,,,,0.4671943,0.4938737,213720.3475435104,652283.8158586822
compas,ann,ig,,,,,,0.5445316,0.21501923,99.9689784896644,23091.096721675294
compas,ann,ig,,,,,,0.48875427,0.40839416,698.6223604069766,1889.1002267468073
compas,ann,ig,,,,,,0.40739495,0.4162492,75011.12831299784,1286690.4367659898
compas,ann,ig,,,,,,0.51637083,0.18364319,229.58589188844348,9172.40785607079
compas,ann,ig,,,,,,0.4768198,0.51607275,2759125.232562985,223346.5795504351
compas,ann,ig,,,,,,0.62721145,0.3041015,388.9048806507653,2126.414801202764
compas,ann,ig,,,,,,0.57624775,0.32569897,55.45817842798406,1144.4848234831074
compas,ann,ig,,,,,,0.36331797,0.33344784,386.40453864434,1507.2083820528173
compas,ann,ig,,,,,,0.8262383,0.49636668,26.7419487319428,1443.5398828364387
compas,ann,ig,,,,,,0.36943507,0.40803546,424.4865395013199,3690.476138077265
compas,ann,ig,,,,,,0.5127227,0.2802946,20.66701132986825,1074.0689776523554
compas,ann,ig,,,,,,0.17485434,0.17292373,79.55640665576352,1515.6331357926288
compas,ann,ig,,,,,,0.7447206,0.6165654,321.32421566680205,2285.593864482342
compas,ann,ig,,,,,,0.70816475,0.7142293,139.44614196331165,10776.472952291897
compas,ann,ig,,,,,,0.048722763,0.1709368,17.555279476049392,3392.2074756388324
compas,ann,ig,,,,,,0.8461932,0.49297568,456.63835389417227,55119.99261188819
compas,ann,ig,,,,,,0.52999085,0.24115796,755.2239268724866,1764.9771442486165
compas,ann,ig,,,,,,0.65030384,0.71816146,168427.89071089966,617941.6179029635
compas,ann,ig,,,,,,0.22906381,0.45714328,22.00787168032824,1346.3728793412918
compas,ann,ig,,,,,,0.0038575788,0.0091471495,100.42722891827347,1009513.8608061954
compas,ann,ig,,,,,,0.23822257,0.26246715,992.876735425338,60518.91957637295
compas,ann,ig,,,,,,0.023897942,0.047834665,12.841837755265214,1719.2825406943691
compas,ann,ig,,,,,,0.40750992,0.55091214,58999.055569236654,155515.87252497574
compas,ann,ig,,,,,,0.49586624,0.10796081,661.1110351147636,314458.37419166614
compas,ann,ig,,,,,,0.0070801247,0.036838777,19.398107950630596,762.574432812053
compas,ann,ig,,,,,,0.53180504,0.45714504,103.204120836622,1188.9166569262834
